{"type":"FeatureCollection","features":[{"type":"Feature","properties":{"code":"ine-4801101","name":"Arrigorriaga · dystrykt 1","city":"arrigorriaga","cityName":"Arrigorriaga","district":1,"income":16162,"income_prev":14817,"income_year":2023},"geometry":{"type":"MultiPolygon","coordinates":[[[[-2.89943472,43.21948003],[-2.89933441,43.2182778],[-2.89953363,43.21783225],[-2.89842544,43.21627346],[-2.89591969,43.21575343],[-2.89409062,43.21552661],[-2.8925134,43.21583579],[-2.89212315,43.21590746],[-2.89074701,43.2160547],[-2.89061747,43.21620319],[-2.890423,43.21627504],[-2.88993835,43.21642314],[-2.88924426,43.21662506],[-2.88893401,43.21671483],[-2.88871307,43.21676865],[-2.88845673,43.21682689],[-2.88823345,43.21686721],[-2.88807256,43.21690308],[-2.88798555,43.216939],[-2.88793855,43.21696599],[-2.88668939,43.21647848],[-2.88645874,43.21638822],[-2.88561828,43.21606321],[-2.88612895,43.21601419],[-2.8865049,43.21597403],[-2.8868286,43.21589782],[-2.88714402,43.21574507],[-2.88728695,43.21562814],[-2.88736418,43.21549315],[-2.88741304,43.2152951],[-2.88739078,43.21503391],[-2.88730901,43.2147637],[-2.88718084,43.21435837],[-2.88687014,43.21364669],[-2.88657766,43.2130836],[-2.88636419,43.21265565],[-2.8861082,43.21210613],[-2.8858224,43.21148001],[-2.8857294,43.21120978],[-2.88547532,43.21047562],[-2.88518957,43.2096199],[-2.88513356,43.20931818],[-2.88513132,43.20927768],[-2.88511551,43.20890846],[-2.88523928,43.20895812],[-2.88593634,43.20895432],[-2.88620065,43.20896358],[-2.88639772,43.20891874],[-2.8866311,43.20878841],[-2.88772209,43.20818165],[-2.88791612,43.20818617],[-2.88792324,43.20818633],[-2.8886584,43.20821411],[-2.88866305,43.20840321],[-2.8886809,43.2091326],[-2.88870898,43.20956036],[-2.88876423,43.21026728],[-2.88880596,43.21099669],[-2.88881702,43.2112121],[-2.88959313,43.21124515],[-2.89075899,43.21133156],[-2.89154567,43.21154553],[-2.8922888,43.2116635],[-2.89304645,43.21181347],[-2.89364372,43.21199526],[-2.89392516,43.21201463],[-2.89428059,43.21207348],[-2.89450538,43.21219075],[-2.89474514,43.21238907],[-2.89499246,43.21264144],[-2.89521173,43.21288027],[-2.89542054,43.2131596],[-2.89596632,43.213939],[-2.89619549,43.21423188],[-2.89665561,43.21470053],[-2.89716655,43.21514671],[-2.89762226,43.2154713],[-2.89815773,43.21578245],[-2.89851682,43.21594034],[-2.89870252,43.21602157],[-2.89888128,43.21610277],[-2.89989036,43.21642332],[-2.90090418,43.21664029],[-2.90225819,43.21685313],[-2.90362213,43.21707938],[-2.90439027,43.21721509],[-2.90443063,43.2174988],[-2.90425364,43.21823251],[-2.90415783,43.2187187],[-2.90425228,43.21909248],[-2.90437355,43.21928168],[-2.90460363,43.21932236],[-2.9055101,43.21930963],[-2.90568605,43.21925124],[-2.90643067,43.21893669],[-2.9068371,43.21860836],[-2.90739721,43.21820362],[-2.90819764,43.21861846],[-2.90899723,43.21909638],[-2.90955231,43.21946599],[-2.90875592,43.22116275],[-2.90642464,43.22612243],[-2.90785627,43.2272717],[-2.90870241,43.22782618],[-2.90975087,43.22872299],[-2.91000491,43.22921844],[-2.91000954,43.22922746],[-2.91023717,43.22962836],[-2.9103788,43.22987157],[-2.9105077,43.23011032],[-2.91059411,43.23024544],[-2.91066169,43.23035804],[-2.91072316,43.23043465],[-2.91079688,43.23052025],[-2.91085838,43.23058333],[-2.91103018,43.23072303],[-2.91114057,43.23078165],[-2.91123897,43.23085826],[-2.91135554,43.23090788],[-2.91149051,43.23096652],[-2.91162553,43.23101166],[-2.911779,43.23106128],[-2.91191403,43.23110642],[-2.91211019,43.2311786],[-2.9123067,43.23125977],[-2.91249092,43.2313635],[-2.91263819,43.23144462],[-2.91274853,43.2315348],[-2.91288381,43.23164747],[-2.91298218,43.23174658],[-2.91307406,43.2318322],[-2.91314162,43.2319313],[-2.91318507,43.23200337],[-2.91319727,43.23207991],[-2.91320365,43.23215194],[-2.91317929,43.23225549],[-2.91313643,43.23235003],[-2.91308162,43.23247152],[-2.91306944,43.23262911],[-2.91307064,43.23312886],[-2.91291198,43.2334574],[-2.91530773,43.2345893],[-2.91635344,43.23568417],[-2.91721943,43.23650871],[-2.91758799,43.23687819],[-2.91802537,43.23732422],[-2.91821761,43.23750446],[-2.91844051,43.23773426],[-2.91991597,43.2393291],[-2.91984615,43.23947314],[-2.91985843,43.23950017],[-2.91993207,43.23966231],[-2.92033251,43.23987868],[-2.92039977,43.23994178],[-2.92045357,43.24000035],[-2.92048584,43.24008139],[-2.92047374,43.24016693],[-2.92043091,43.24023897],[-2.91997338,43.24074289],[-2.9199864,43.24081495],[-2.92012578,43.24104915],[-2.92013117,43.24105815],[-2.92064733,43.24191848],[-2.92066885,43.24195449],[-2.91777588,43.24336167],[-2.91756131,43.24346958],[-2.91734095,43.24360449],[-2.91693688,43.24382482],[-2.91662443,43.24404069],[-2.91648951,43.24415316],[-2.91636738,43.24425662],[-2.91625716,43.24434659],[-2.91612225,43.24445906],[-2.91600006,43.24459853],[-2.91590829,43.24470199],[-2.91585928,43.24480552],[-2.91576748,43.24490903],[-2.91566342,43.24500348],[-2.91559016,43.24510699],[-2.91550431,43.24512943],[-2.91525925,43.24530033],[-2.9151244,43.24537676],[-2.91496534,43.24545769],[-2.91460983,43.24557899],[-2.91445048,43.2456149],[-2.91424827,43.24567329],[-2.9140276,43.24571812],[-2.91380661,43.24575399],[-2.91356136,43.2457853],[-2.91329763,43.24582115],[-2.91302196,43.24582992],[-2.9128195,43.24583427],[-2.91267555,43.24583416],[-2.91256844,43.24485257],[-2.91253851,43.2447805],[-2.91191519,43.24327624],[-2.91159745,43.24024592],[-2.90949638,43.23964544],[-2.9083447,43.23942392],[-2.90684383,43.2390355],[-2.90455223,43.2365438],[-2.90378393,43.23562019],[-2.9036629,43.23550302],[-2.90257734,43.23444403],[-2.90231862,43.23426375],[-2.90227716,43.23417814],[-2.90224732,43.23408808],[-2.90217704,43.23398446],[-2.90207099,43.2338718],[-2.90197492,43.23377718],[-2.90192731,43.23372311],[-2.90184014,43.23359697],[-2.90173996,43.23343931],[-2.90167091,43.23331769],[-2.90162174,43.23324559],[-2.90153105,43.23314647],[-2.90143694,43.23303832],[-2.90136903,43.23292574],[-2.90132146,43.23283112],[-2.9012963,43.23266901],[-2.90129115,43.23251592],[-2.90130252,43.2324259],[-2.90132031,43.23236288],[-2.90132735,43.23228186],[-2.90129631,43.2322143],[-2.90125793,43.2321287],[-2.90123005,43.23199809],[-2.90125096,43.23192609],[-2.90129494,43.2318631],[-2.90133852,43.2318046],[-2.90139632,43.23174614],[-2.90142532,43.23168763],[-2.90145083,43.2316021],[-2.90144831,43.23152106],[-2.90143225,43.23142648],[-2.90140978,43.2312869],[-2.90139302,43.23116981],[-2.90138171,43.23105274],[-2.90137378,43.23093568],[-2.90139082,43.23087716],[-2.90138406,43.2307871],[-2.90136647,43.23071506],[-2.90134084,43.2306295],[-2.90131286,43.23055745],[-2.90127141,43.23048084],[-2.90124341,43.23042232],[-2.90124355,43.23033675],[-2.90122669,43.2302827],[-2.90093766,43.22957559],[-2.90079433,43.2292243],[-2.89912462,43.22707969],[-2.8976556,43.22512888],[-2.89679093,43.22401605],[-2.89675648,43.22389891],[-2.89670863,43.22375932],[-2.89671349,43.22361522],[-2.89675523,43.22351173],[-2.89681738,43.22341272],[-2.89684949,43.22331818],[-2.89687155,43.22323267],[-2.89688478,43.22313814],[-2.89686882,43.22303007],[-2.89683436,43.22291747],[-2.8968329,43.22285897],[-2.89684885,43.22277793],[-2.89685744,43.22269239],[-2.89686723,43.22261587],[-2.89683734,43.22253027],[-2.896794,43.22244918],[-2.89640571,43.22223726],[-2.89595215,43.22194416],[-2.89568843,43.22179535],[-2.89586898,43.22156138],[-2.89587702,43.22155239],[-2.89631274,43.22102602],[-2.89671592,43.22082379],[-2.89860097,43.22037975],[-2.89943472,43.21948003]]]]}},{"type":"Feature","properties":{"code":"ine-4801102","name":"Arrigorriaga · dystrykt 2","city":"arrigorriaga","cityName":"Arrigorriaga","district":2,"income":19542,"income_prev":17600,"income_year":2023},"geometry":{"type":"MultiPolygon","coordinates":[[[[-2.90819764,43.21861846],[-2.90739721,43.21820362],[-2.9068371,43.21860836],[-2.90643067,43.21893669],[-2.90568605,43.21925124],[-2.9055101,43.21930963],[-2.90460363,43.21932236],[-2.90437355,43.21928168],[-2.90425228,43.21909248],[-2.90415783,43.2187187],[-2.90425364,43.21823251],[-2.90443063,43.2174988],[-2.90439027,43.21721509],[-2.90362213,43.21707938],[-2.90225819,43.21685313],[-2.90090418,43.21664029],[-2.89989036,43.21642332],[-2.89888128,43.21610277],[-2.89870252,43.21602157],[-2.89851682,43.21594034],[-2.89815773,43.21578245],[-2.89762226,43.2154713],[-2.89716655,43.21514671],[-2.89665561,43.21470053],[-2.89619549,43.21423188],[-2.89596632,43.213939],[-2.89542054,43.2131596],[-2.89521173,43.21288027],[-2.89499246,43.21264144],[-2.89474514,43.21238907],[-2.89450538,43.21219075],[-2.89428059,43.21207348],[-2.89392516,43.21201463],[-2.89364372,43.21199526],[-2.89304645,43.21181347],[-2.8922888,43.2116635],[-2.89154567,43.21154553],[-2.89075899,43.21133156],[-2.88959313,43.21124515],[-2.88881702,43.2112121],[-2.88880596,43.21099669],[-2.88876423,43.21026728],[-2.88870898,43.20956036],[-2.8886809,43.2091326],[-2.88866305,43.20840321],[-2.8886584,43.20821411],[-2.88792324,43.20818633],[-2.88791612,43.20818617],[-2.88772209,43.20818165],[-2.8866311,43.20878841],[-2.88639772,43.20891874],[-2.88620065,43.20896358],[-2.88593634,43.20895432],[-2.88523928,43.20895812],[-2.88511551,43.20890846],[-2.88509495,43.20839517],[-2.88509454,43.20838167],[-2.88508643,43.20779632],[-2.88506763,43.20736411],[-2.88504945,43.20700388],[-2.88504486,43.20680128],[-2.88508483,43.20661222],[-2.885193,43.20618009],[-2.88505153,43.20532001],[-2.88498051,43.20483367],[-2.88499336,43.20454106],[-2.88505066,43.20294727],[-2.88458202,43.2019788],[-2.88429274,43.20138416],[-2.88409004,43.20097427],[-2.8834565,43.20018571],[-2.88277528,43.19819497],[-2.88289307,43.19696592],[-2.88298799,43.19599351],[-2.88209438,43.19546581],[-2.88118369,43.19383499],[-2.8792689,43.19239674],[-2.87878112,43.19169385],[-2.87763033,43.19116135],[-2.87673412,43.19045801],[-2.87582677,43.18974566],[-2.87700309,43.18904456],[-2.87832789,43.18947818],[-2.87913463,43.18974022],[-2.87987945,43.1899841],[-2.88128766,43.19044935],[-2.88323746,43.1910952],[-2.88471103,43.19157844],[-2.88582218,43.19194426],[-2.88775129,43.19258552],[-2.89029554,43.1929572],[-2.89586316,43.19086882],[-2.89589895,43.19086885],[-2.89978334,43.19087234],[-2.89978151,43.1907913],[-2.89975212,43.19065168],[-2.8996981,43.19051657],[-2.89958566,43.19038138],[-2.89944003,43.19029573],[-2.89906528,43.19018283],[-2.8988808,43.19012413],[-2.89871093,43.19004745],[-2.89853103,43.18997976],[-2.8981555,43.18985335],[-2.89758011,43.18965923],[-2.8972077,43.18951033],[-2.89701824,43.18945613],[-2.89663505,43.18928468],[-2.89647181,43.18917644],[-2.89636701,43.18906384],[-2.89626953,43.18895568],[-2.89613706,43.18883849],[-2.89599488,43.18874833],[-2.89582461,43.18868514],[-2.89543464,43.18846413],[-2.89455382,43.18812116],[-2.8940039,43.18788202],[-2.89382997,43.18772429],[-2.89378627,43.18765222],[-2.89376755,43.18756213],[-2.89373533,43.18730546],[-2.89382137,43.18649064],[-2.89388601,43.18622954],[-2.89403934,43.18565338],[-2.89406455,43.18553636],[-2.89408557,43.18515817],[-2.89430933,43.18474864],[-2.89465252,43.18444732],[-2.89517746,43.18374094],[-2.89544455,43.18338998],[-2.89553896,43.18326851],[-2.89566147,43.18316059],[-2.89586893,43.18303921],[-2.8968321,43.18287798],[-2.89723855,43.18287385],[-2.89752161,43.18284711],[-2.89776115,43.18285632],[-2.89812906,43.18293319],[-2.89839124,43.18297396],[-2.89862074,43.18304169],[-2.8988024,43.18314089],[-2.89912895,43.18332578],[-2.89931261,43.18342951],[-2.89947861,43.18350169],[-2.89936125,43.18378072],[-2.89927091,43.18401927],[-2.89922099,43.1841723],[-2.89920745,43.18421732],[-2.89917922,43.18431183],[-2.8991609,43.18469452],[-2.89915305,43.18480708],[-2.89914436,43.18494212],[-2.89918259,43.18509527],[-2.89924923,43.1852259],[-2.89940568,43.18528907],[-2.89951315,43.18540623],[-2.89969874,43.18549643],[-2.89983244,43.18578922],[-2.90001265,43.18590191],[-2.90034849,43.1860598],[-2.90095443,43.18614137],[-2.90143848,43.18619582],[-2.90164617,43.1861825],[-2.90179535,43.18618713],[-2.90628591,43.18641602],[-2.90705454,43.18649772],[-2.90978377,43.18756246],[-2.90997295,43.18781474],[-2.91054114,43.18822039],[-2.9110957,43.18874764],[-2.91178795,43.18900031],[-2.91248669,43.18930699],[-2.91381905,43.19023549],[-2.91445577,43.19062769],[-2.91534684,43.19091199],[-2.91552492,43.19094414],[-2.91574751,43.19098433],[-2.92338482,43.18757696],[-2.92413282,43.1870229],[-2.92419856,43.1869742],[-2.92482726,43.18732579],[-2.92505576,43.18756458],[-2.92521866,43.18769975],[-2.92531581,43.18778085],[-2.92541927,43.18784393],[-2.92560219,43.1879116],[-2.92575439,43.18799727],[-2.92599722,43.18818205],[-2.92611204,43.18829914],[-2.92619076,43.18838924],[-2.92625064,43.18851535],[-2.92631049,43.18864597],[-2.92678378,43.18903348],[-2.92774718,43.18937626],[-2.92620789,43.19046037],[-2.9242355,43.19186829],[-2.92263012,43.19342505],[-2.92177979,43.1942844],[-2.92117846,43.19499085],[-2.92047056,43.19576928],[-2.92120416,43.19652618],[-2.92134411,43.19658931],[-2.92147251,43.19662993],[-2.9216494,43.19667955],[-2.92178969,43.19672018],[-2.92193618,43.19677882],[-2.92210078,43.19681947],[-2.92223491,43.19687356],[-2.92238711,43.19695021],[-2.92249666,43.19702682],[-2.92262426,43.19710796],[-2.92289217,43.19723419],[-2.92298365,43.1972748],[-2.9232204,43.19745051],[-2.92336594,43.19759473],[-2.92360316,43.19772096],[-2.92375533,43.19780209],[-2.92396258,43.19788327],[-2.9242124,43.197996],[-2.92442535,43.19812221],[-2.92461364,43.19824841],[-2.92472321,43.19833401],[-2.9248442,43.19846466],[-2.92491676,43.19855478],[-2.92497046,43.19867184],[-2.92501798,43.19881148],[-2.92502898,43.19892852],[-2.92505801,43.19909512],[-2.92509939,43.19922573],[-2.92511042,43.1993608],[-2.92512806,43.19942387],[-2.92516414,43.19948241],[-2.92523098,43.19952748],[-2.92531632,43.19956354],[-2.92538975,43.19958612],[-2.92553014,43.19959972],[-2.92564627,43.19962229],[-2.92580509,43.19965843],[-2.92596352,43.19969903],[-2.92618957,43.19977575],[-2.92641489,43.19985693],[-2.9265429,43.19993804],[-2.92667622,43.20004168],[-2.92683417,43.20016787],[-2.92700444,43.20028505],[-2.92719888,43.20042474],[-2.92739344,43.20053289],[-2.92760634,43.20064559],[-2.92777665,43.20074928],[-2.92796536,43.20085746],[-2.92814179,43.20097009],[-2.92830592,43.20107828],[-2.92844581,43.20118194],[-2.92857297,43.20128106],[-2.92868254,43.20137568],[-2.9287551,43.20145226],[-2.92885854,43.20151086],[-2.9289989,43.20155595],[-2.92915736,43.20160108],[-2.9294265,43.20164178],[-2.92947665,43.20152475],[-2.92954486,43.20143926],[-2.9296249,43.20141227],[-2.92969261,43.20137181],[-2.9297481,43.20130882],[-2.92996939,43.20120988],[-2.93011062,43.20116492],[-2.93023953,43.20112902],[-2.93040533,43.20110207],[-2.93054612,43.20107967],[-2.9307177,43.20106628],[-2.93086504,43.20104833],[-2.93101201,43.20100793],[-2.93117792,43.20095401],[-2.93134374,43.20088656],[-2.93147308,43.2008281],[-2.93157779,43.20076513],[-2.93171284,43.20072018],[-2.93189053,43.20069329],[-2.93206826,43.20069339],[-2.93224558,43.200689],[-2.93247257,43.20067564],[-2.93267456,43.20063522],[-2.93292615,43.20060836],[-2.93319541,43.200577],[-2.93354474,43.2005412],[-2.9338452,43.20049184],[-2.93413952,43.20043798],[-2.93436035,43.20039308],[-2.93459968,43.20034368],[-2.93483853,43.20031682],[-2.93505326,43.20026741],[-2.93529828,43.20024505],[-2.93547029,43.20019561],[-2.93560534,43.20017769],[-2.93576583,43.20005171],[-2.93586401,43.19997974],[-2.93595059,43.19992124],[-2.93603108,43.19984927],[-2.93607382,43.19981776],[-2.93616003,43.1997728],[-2.93620357,43.19969626],[-2.93627171,43.19961527],[-2.93635258,43.19952078],[-2.9364085,43.19942624],[-2.93648279,43.19934523],[-2.93662447,43.19923724],[-2.93673576,43.19915179],[-2.93685273,43.19907082],[-2.93693894,43.19902134],[-2.93693325,43.1989853],[-2.93689711,43.19893575],[-2.93432382,43.19616984],[-2.93457009,43.19605291],[-2.93476631,43.19599903],[-2.93499328,43.19594512],[-2.93521408,43.19590471],[-2.93544109,43.19585981],[-2.93561839,43.19585991],[-2.93590604,43.19587361],[-2.93753629,43.19641479],[-2.93755554,43.1964193],[-2.93756744,43.19642381],[-2.93758589,43.19642382],[-2.93889443,43.1967622],[-2.93957083,43.19692017],[-2.94029537,43.1974428],[-2.94097282,43.19808701],[-2.94231995,43.19957347],[-2.943675,43.20085283],[-2.94455945,43.20153764],[-2.9458297,43.20313209],[-2.94594731,43.20327172],[-2.94722524,43.20361897],[-2.94772505,43.20389839],[-2.94835142,43.20425434],[-2.94870707,43.20444811],[-2.95052589,43.20529089],[-2.95074316,43.20541251],[-2.95143681,43.20577302],[-2.95145135,43.20587659],[-2.95145513,43.20594413],[-2.95147658,43.20603867],[-2.95150146,43.20619628],[-2.95151796,43.20625482],[-2.95153213,43.20637186],[-2.95154088,43.20646643],[-2.95155083,43.20653847],[-2.95156534,43.20664654],[-2.95203067,43.20685834],[-2.95350453,43.20774593],[-2.95365096,43.20843036],[-2.9536905,43.20851141],[-2.95372279,43.20855646],[-2.95380348,43.20866902],[-2.95384383,43.20873207],[-2.95390029,43.20880861],[-2.95400493,43.2088402],[-2.95407764,43.20886273],[-2.9542311,43.20891233],[-2.9543603,43.2089484],[-2.95450526,43.209034],[-2.95470719,43.20911962],[-2.95486023,43.20918721],[-2.95506173,43.20931336],[-2.95530406,43.20946654],[-2.95552975,43.20958374],[-2.95569128,43.20965129],[-2.95582006,43.20972788],[-2.95590312,43.20977748],[-2.95599501,43.20990357],[-2.95603684,43.2100071],[-2.95607025,43.21010168],[-2.95607018,43.21018723],[-2.95607009,43.2103133],[-2.95607001,43.21042587],[-2.95612844,43.21051142],[-2.95620376,43.21061051],[-2.95628721,43.21068258],[-2.95640448,43.21077266],[-2.95649635,43.21084923],[-2.95660522,43.2108853],[-2.95670556,43.21092134],[-2.95673904,43.21093939],[-2.95683098,43.21097542],[-2.95693134,43.2110295],[-2.95699823,43.21109706],[-2.95703166,43.2111466],[-2.95705666,43.21116461],[-2.95710701,43.2112637],[-2.95714001,43.21138528],[-2.95717332,43.21155186],[-2.95717937,43.21175899],[-2.95657968,43.21213693],[-2.9566986,43.21268178],[-2.95650295,43.2128798],[-2.95519443,43.21404539],[-2.95499235,43.21415788],[-2.95423126,43.21426564],[-2.9531729,43.21512514],[-2.95179939,43.21559279],[-2.9513376,43.21665966],[-2.95060887,43.21716811],[-2.95035139,43.21726707],[-2.9502902,43.21728954],[-2.95022281,43.21730301],[-2.950137,43.21733451],[-2.95002656,43.21733446],[-2.94990382,43.2173794],[-2.94981182,43.2174019],[-2.94975024,43.21740637],[-2.9496706,43.21741083],[-2.94885416,43.21743297],[-2.94825198,43.21746423],[-2.94755823,43.2174954],[-2.94712845,43.21749972],[-2.94664911,43.21743644],[-2.946195,43.2175218],[-2.945612,43.21759805],[-2.9448755,43.21770576],[-2.94307443,43.21728163],[-2.94194506,43.21742063],[-2.93965209,43.21684763],[-2.93881033,43.21676614],[-2.93831248,43.21672084],[-2.93753777,43.21657635],[-2.93114197,43.21491577],[-2.92977689,43.2142981],[-2.92916731,43.21438779],[-2.92886078,43.21366273],[-2.92652488,43.21443114],[-2.91881095,43.21667253],[-2.91538292,43.21766055],[-2.91333691,43.21837487],[-2.91104176,43.21892238],[-2.90959051,43.21938498],[-2.90955231,43.21946599],[-2.90899723,43.21909638],[-2.90819764,43.21861846]],[[-2.91398876,43.19369344],[-2.91262182,43.1923912],[-2.91127327,43.19247123],[-2.9096426,43.19297871],[-2.90802405,43.19331958],[-2.90763941,43.1933688],[-2.90693875,43.1942732],[-2.90698423,43.19471897],[-2.90775899,43.19513831],[-2.90849043,43.1954676],[-2.90925449,43.19583738],[-2.90943922,43.19602663],[-2.9095296,43.19627432],[-2.90969596,43.19664814],[-2.90998948,43.19687354],[-2.91010568,43.1968466],[-2.91032145,43.19684677],[-2.91044748,43.19695494],[-2.91159992,43.19794184],[-2.91210197,43.19840146],[-2.91185005,43.19969348],[-2.91359612,43.19933913],[-2.91552686,43.19919201],[-2.91565666,43.19878237],[-2.91582974,43.19822423],[-2.91595906,43.19734635],[-2.91641967,43.19688745],[-2.91586489,43.19618018],[-2.91540645,43.19559],[-2.91507527,43.19506298],[-2.91463998,43.19444132],[-2.91398876,43.19369344]]]]}},{"type":"Feature","properties":{"code":"ine-4801301","name":"Barakaldo · dystrykt 1","city":"barakaldo","cityName":"Barakaldo","district":1,"income":17164,"income_prev":15173,"income_year":2023},"geometry":{"type":"MultiPolygon","coordinates":[[[[-2.98733166,43.29925568],[-2.9874864,43.29823817],[-2.98752111,43.29795001],[-2.98781667,43.29770695],[-2.98813727,43.29748185],[-2.9874827,43.29736021],[-2.98682893,43.29733314],[-2.98623215,43.29733756],[-2.98629635,43.29790037],[-2.98570309,43.29788225],[-2.98545265,43.29786422],[-2.98486057,43.29779211],[-2.98477808,43.29778309],[-2.98464021,43.29763451],[-2.98483056,43.29754897],[-2.98507752,43.29743644],[-2.98525092,43.2972519],[-2.98516737,43.29716632],[-2.98509993,43.29708978],[-2.98504876,43.29703124],[-2.98505108,43.29693221],[-2.98507883,43.29685564],[-2.98520253,43.29673409],[-2.98525301,43.29667561],[-2.9854029,43.29653153],[-2.98563644,43.29630196],[-2.98577165,43.29618042],[-2.9859274,43.29602734],[-2.9860784,43.29582476],[-2.9862164,43.29564921],[-2.98633628,43.29541509],[-2.98639408,43.2952575],[-2.98642068,43.29508194],[-2.98646967,43.29484781],[-2.98702092,43.29519908],[-2.98760755,43.29566738],[-2.98804485,43.29537476],[-2.98826143,43.29522622],[-2.98866092,43.29496064],[-2.988765,43.29480755],[-2.98894063,43.2948616],[-2.989443,43.29491118],[-2.98960286,43.29495623],[-2.98979856,43.29505078],[-2.99093108,43.29556415],[-2.99106053,43.29565873],[-2.99138062,43.29602341],[-2.99230931,43.29715358],[-2.99242907,43.29746875],[-2.99172937,43.29786039],[-2.99151323,43.29797744],[-2.99132905,43.29805846],[-2.99111331,43.298153],[-2.99097923,43.29820699],[-2.99084707,43.29826101],[-2.99075496,43.29830154],[-2.99056261,43.29889581],[-2.98863092,43.29858046],[-2.98858199,43.29879209],[-2.98859462,43.29900369],[-2.98860158,43.29908922],[-2.98863499,43.29943143],[-2.98844008,43.29938187],[-2.98821238,43.29934131],[-2.98796351,43.29931428],[-2.98733166,43.29925568]]]]}},{"type":"Feature","properties":{"code":"ine-4801302","name":"Barakaldo · dystrykt 2","city":"barakaldo","cityName":"Barakaldo","district":2,"income":16412,"income_prev":15049,"income_year":2023},"geometry":{"type":"MultiPolygon","coordinates":[[[[-2.98086748,43.30309969],[-2.97920354,43.30260863],[-2.97822997,43.30236531],[-2.97813529,43.30205916],[-2.97811068,43.30197809],[-2.97806952,43.30184302],[-2.97804528,43.30177998],[-2.97802018,43.30172067],[-2.97800908,43.30169444],[-2.97797289,43.3016269],[-2.97793708,43.30151882],[-2.97789436,43.30143329],[-2.97784627,43.30133871],[-2.9777977,43.30123067],[-2.97776193,43.3011316],[-2.97770107,43.30104155],[-2.97765299,43.30092448],[-2.97759254,43.3007804],[-2.97755021,43.30069482],[-2.97748359,43.30056874],[-2.97742315,43.3004787],[-2.97736232,43.30036162],[-2.97730803,43.30023104],[-2.97724757,43.3001455],[-2.97718713,43.30000142],[-2.97712667,43.29990234],[-2.97707778,43.2998348],[-2.97698735,43.29961869],[-2.97686644,43.29940253],[-2.97679325,43.29928783],[-2.97430341,43.2953859],[-2.97489984,43.29521048],[-2.97687397,43.29487774],[-2.97891864,43.29450446],[-2.98011989,43.29423001],[-2.98100526,43.29395104],[-2.98165988,43.29372606],[-2.98212148,43.29351],[-2.98251945,43.29332995],[-2.9824863,43.29346052],[-2.98248066,43.29423945],[-2.98314599,43.29418102],[-2.98355819,43.29410452],[-2.98271114,43.29515794],[-2.98391615,43.29548229],[-2.9833141,43.29640966],[-2.98341148,43.29667982],[-2.98380445,43.29674743],[-2.98420853,43.29681953],[-2.98490771,43.29699522],[-2.98504876,43.29703124],[-2.98509993,43.29708978],[-2.98516737,43.29716632],[-2.98525092,43.2972519],[-2.98507752,43.29743644],[-2.98483056,43.29754897],[-2.98464021,43.29763451],[-2.98477808,43.29778309],[-2.98486057,43.29779211],[-2.98545265,43.29786422],[-2.98570309,43.29788225],[-2.98629635,43.29790037],[-2.98623215,43.29733756],[-2.98682893,43.29733314],[-2.9874827,43.29736021],[-2.98813727,43.29748185],[-2.98781667,43.29770695],[-2.98752111,43.29795001],[-2.9874864,43.29823817],[-2.98733166,43.29925568],[-2.98796351,43.29931428],[-2.98821238,43.29934131],[-2.98844008,43.29938187],[-2.98863499,43.29943143],[-2.98906994,43.29967005],[-2.98960466,43.29998978],[-2.98980264,43.30013838],[-2.99075995,43.30081831],[-2.99134512,43.30127309],[-2.99159593,43.30143521],[-2.99174772,43.30154329],[-2.99201472,43.30168287],[-2.99232329,43.30179546],[-2.99256063,43.30186302],[-2.99267889,43.3019008],[-2.99260209,43.30252886],[-2.99248902,43.30297825],[-2.9922195,43.30297504],[-2.99194824,43.30302906],[-2.99175524,43.30311457],[-2.99155673,43.30323162],[-2.99131631,43.30339366],[-2.99114791,43.30356925],[-2.99104612,43.30374484],[-2.99075828,43.30408248],[-2.99074671,43.30409598],[-2.99046998,43.30441111],[-2.9902835,43.3045552],[-2.99009121,43.30469475],[-2.98971781,43.30488381],[-2.98948891,43.30501435],[-2.98922995,43.30511785],[-2.98896485,43.3051989],[-2.98869358,43.3052664],[-2.98848823,43.30528888],[-2.98832369,43.30527986],[-2.98823625,43.30527085],[-2.98814259,43.30526634],[-2.98795533,43.30522579],[-2.98768677,43.30515372],[-2.9871532,43.3050096],[-2.98254295,43.30360874],[-2.98209411,43.30347237],[-2.98086748,43.30309969]]]]}},{"type":"Feature","properties":{"code":"ine-4801303","name":"Barakaldo · dystrykt 3","city":"barakaldo","cityName":"Barakaldo","district":3,"income":15818,"income_prev":14267,"income_year":2023},"geometry":{"type":"MultiPolygon","coordinates":[[[[-2.98271114,43.29515794],[-2.98355819,43.29410452],[-2.98314599,43.29418102],[-2.98248066,43.29423945],[-2.9824863,43.29346052],[-2.98251945,43.29332995],[-2.98279264,43.29320844],[-2.983013,43.29309145],[-2.98334858,43.2929069],[-2.98375043,43.29283043],[-2.98404013,43.29272241],[-2.98430097,43.29257388],[-2.98459803,43.29242532],[-2.98493131,43.29224077],[-2.98549767,43.29192568],[-2.98587219,43.29175467],[-2.98615995,43.29162864],[-2.98616436,43.29163677],[-2.98672757,43.29267323],[-2.98687229,43.29295686],[-2.9869324,43.29306045],[-2.9870587,43.29324957],[-2.98726817,43.29355576],[-2.98765449,43.29406007],[-2.98788019,43.29438876],[-2.98822951,43.29463643],[-2.98866092,43.29496064],[-2.98826143,43.29522622],[-2.98804485,43.29537476],[-2.98760755,43.29566738],[-2.98702092,43.29519908],[-2.98646967,43.29484781],[-2.98642068,43.29508194],[-2.98639408,43.2952575],[-2.98633628,43.29541509],[-2.9862164,43.29564921],[-2.9860784,43.29582476],[-2.9859274,43.29602734],[-2.98577165,43.29618042],[-2.98563644,43.29630196],[-2.9854029,43.29653153],[-2.98525301,43.29667561],[-2.98520253,43.29673409],[-2.98507883,43.29685564],[-2.98505108,43.29693221],[-2.98504876,43.29703124],[-2.98490771,43.29699522],[-2.98420853,43.29681953],[-2.98380445,43.29674743],[-2.98341148,43.29667982],[-2.9833141,43.29640966],[-2.98391615,43.29548229],[-2.98271114,43.29515794]]]]}},{"type":"Feature","properties":{"code":"ine-4801304","name":"Barakaldo · dystrykt 4","city":"barakaldo","cityName":"Barakaldo","district":4,"income":16496,"income_prev":15154,"income_year":2023},"geometry":{"type":"MultiPolygon","coordinates":[[[[-2.99826095,43.30295734],[-2.99810375,43.3029078],[-2.99767529,43.30291229],[-2.99719215,43.30286724],[-2.99667314,43.30289426],[-2.99617842,43.30292124],[-2.99568986,43.30297525],[-2.99521288,43.30293919],[-2.99500406,43.30294369],[-2.99415679,43.30296168],[-2.99259977,43.30297957],[-2.99248902,43.30297825],[-2.99260209,43.30252886],[-2.99267889,43.3019008],[-2.99256063,43.30186302],[-2.99232329,43.30179546],[-2.99201472,43.30168287],[-2.99174772,43.30154329],[-2.99159593,43.30143521],[-2.99134512,43.30127309],[-2.99075995,43.30081831],[-2.98980264,43.30013838],[-2.98960466,43.29998978],[-2.98906994,43.29967005],[-2.98863499,43.29943143],[-2.98860158,43.29908922],[-2.98859462,43.29900369],[-2.98858199,43.29879209],[-2.98863092,43.29858046],[-2.99056261,43.29889581],[-2.99075496,43.29830154],[-2.99084707,43.29826101],[-2.99097923,43.29820699],[-2.99111331,43.298153],[-2.99132905,43.29805846],[-2.99151323,43.29797744],[-2.99172937,43.29786039],[-2.99242907,43.29746875],[-2.99296265,43.29763539],[-2.99385101,43.29795961],[-2.99406562,43.29803614],[-2.99420392,43.29807666],[-2.9948122,43.29826579],[-2.9952853,43.29840088],[-2.99544558,43.29843242],[-2.99565403,43.29846393],[-2.99587324,43.29847748],[-2.99614871,43.29848649],[-2.99649853,43.2984955],[-2.99757072,43.29853157],[-2.99785927,43.29853158],[-2.99846337,43.29854959],[-2.99863449,43.29855409],[-2.998955,43.2985631],[-2.99970628,43.29858111],[-3.00074609,43.29859915],[-3.00115335,43.29863514],[-3.00100271,43.29880174],[-3.00087748,43.29906288],[-3.00084935,43.29912591],[-3.00053843,43.29977873],[-3.00034545,43.30043156],[-3.00031881,43.30052162],[-3.00003448,43.30155715],[-2.99992161,43.30192634],[-2.99982026,43.30220997],[-2.99973086,43.30240807],[-2.99967693,43.30251163],[-2.99953244,43.3026287],[-2.9994126,43.30273673],[-2.99926195,43.30284029],[-2.99924998,43.30284929],[-2.9990331,43.30293482],[-2.99885854,43.30300685],[-2.99865936,43.30301588],[-2.99845438,43.30302036],[-2.99826095,43.30295734]]]]}},{"type":"Feature","properties":{"code":"ine-4801305","name":"Barakaldo · dystrykt 5","city":"barakaldo","cityName":"Barakaldo","district":5,"income":17964,"income_prev":16547,"income_year":2023},"geometry":{"type":"MultiPolygon","coordinates":[[[[-2.98923666,43.29415927],[-2.98926789,43.29404221],[-2.98929714,43.29395668],[-2.98932953,43.29386215],[-2.98935615,43.29379008],[-2.98939161,43.29374059],[-2.98948716,43.29364603],[-2.98956957,43.29361454],[-2.98975338,43.29356053],[-2.99018911,43.29343],[-2.99050579,43.293385],[-2.99070881,43.29329498],[-2.99081898,43.29334903],[-2.99097385,43.29335804],[-2.99136371,43.29334457],[-2.99188915,43.29332208],[-2.99243347,43.29332212],[-2.99293543,43.29329516],[-2.99314579,43.29328167],[-2.99317342,43.29327706],[-2.99313161,43.29350948],[-2.99368807,43.29351178],[-2.99368982,43.29350601],[-2.99432538,43.2934881],[-2.99434155,43.29315798],[-2.99435235,43.29315568],[-2.99466364,43.29310617],[-2.99502193,43.29303865],[-2.99521186,43.29298913],[-2.9952897,43.29292608],[-2.99538946,43.29281354],[-2.9953983,43.29273251],[-2.99544958,43.2927301],[-2.99578008,43.29271453],[-2.99657596,43.29263349],[-2.99672234,43.2926065],[-2.99684873,43.29256597],[-2.99708757,43.29240841],[-2.99725784,43.29226435],[-2.99746628,43.29215629],[-2.99769511,43.29209326],[-2.99793397,43.29201224],[-2.99816854,43.29190868],[-2.99844514,43.2918051],[-2.99861889,43.29173309],[-2.99883232,43.29167456],[-2.99919942,43.29156654],[-2.99942672,43.29159804],[-2.99993525,43.29155305],[-3.00001419,43.29154851],[-3.00051109,43.29151251],[-3.00087554,43.29151252],[-3.00133047,43.29153501],[-3.00172305,43.29156205],[-3.00218147,43.29160252],[-3.00269033,43.29169708],[-3.00273039,43.29169525],[-3.00444986,43.29063852],[-3.00466476,43.29078428],[-3.00494103,43.29056002],[-3.00552434,43.29107576],[-3.00558574,43.29112061],[-3.00639917,43.29018996],[-3.00770391,43.29079535],[-3.00845607,43.29115409],[-3.0087631,43.2914568],[-3.00880921,43.29196135],[-3.00810321,43.2926005],[-3.0067372,43.29374423],[-3.00653767,43.29393485],[-3.0057241,43.29364337],[-3.00547853,43.29410308],[-3.00521762,43.29459643],[-3.00417204,43.29415556],[-3.00420755,43.29437592],[-3.00457986,43.29732043],[-3.00434561,43.29734294],[-3.00396652,43.29738798],[-3.00343136,43.29748253],[-3.00299527,43.2976086],[-3.00254492,43.29777971],[-3.00231067,43.29790578],[-3.0019755,43.29809488],[-3.00151355,43.29836501],[-3.00123,43.29854961],[-3.00115335,43.29863514],[-3.00074609,43.29859915],[-2.99970628,43.29858111],[-2.998955,43.2985631],[-2.99863449,43.29855409],[-2.99846337,43.29854959],[-2.99785927,43.29853158],[-2.99757072,43.29853157],[-2.99649853,43.2984955],[-2.99614871,43.29848649],[-2.99587324,43.29847748],[-2.99565403,43.29846393],[-2.99544558,43.29843242],[-2.9952853,43.29840088],[-2.9948122,43.29826579],[-2.99420392,43.29807666],[-2.99406562,43.29803614],[-2.99385101,43.29795961],[-2.99296265,43.29763539],[-2.99242907,43.29746875],[-2.99230931,43.29715358],[-2.99138062,43.29602341],[-2.99106053,43.29565873],[-2.99093108,43.29556415],[-2.98979856,43.29505078],[-2.98960286,43.29495623],[-2.989443,43.29491118],[-2.98894063,43.2948616],[-2.988765,43.29480755],[-2.98896075,43.294632],[-2.98909133,43.29448792],[-2.98914109,43.29438439],[-2.98920007,43.29424483],[-2.98923666,43.29415927]]]]}},{"type":"Feature","properties":{"code":"ine-4801306","name":"Barakaldo · dystrykt 6","city":"barakaldo","cityName":"Barakaldo","district":6,"income":16354,"income_prev":14994,"income_year":2023},"geometry":{"type":"MultiPolygon","coordinates":[[[[-3.00457986,43.29732043],[-3.00420755,43.29437592],[-3.00417204,43.29415556],[-3.00521762,43.29459643],[-3.00547853,43.29410308],[-3.0057241,43.29364337],[-3.00653767,43.29393485],[-3.0067372,43.29374423],[-3.00810321,43.2926005],[-3.00880921,43.29196135],[-3.0087631,43.2914568],[-3.00845607,43.29115409],[-3.00770391,43.29079535],[-3.00639917,43.29018996],[-3.00558574,43.29112061],[-3.00552434,43.29107576],[-3.00494103,43.29056002],[-3.00466476,43.29078428],[-3.00444986,43.29063852],[-3.00273039,43.29169525],[-3.00269033,43.29169708],[-3.00218147,43.29160252],[-3.00172305,43.29156205],[-3.00133047,43.29153501],[-3.00087554,43.29151252],[-3.00051109,43.29151251],[-3.00001419,43.29154851],[-2.99993525,43.29155305],[-2.99942672,43.29159804],[-2.99919942,43.29156654],[-2.99883232,43.29167456],[-2.99861889,43.29173309],[-2.99844514,43.2918051],[-2.99816854,43.29190868],[-2.99793397,43.29201224],[-2.99769511,43.29209326],[-2.99746628,43.29215629],[-2.99725784,43.29226435],[-2.99708757,43.29240841],[-2.99684873,43.29256597],[-2.99672234,43.2926065],[-2.99657596,43.29263349],[-2.99578008,43.29271453],[-2.99544958,43.2927301],[-2.9953983,43.29273251],[-2.99538946,43.29281354],[-2.9952897,43.29292608],[-2.99521186,43.29298913],[-2.99502193,43.29303865],[-2.99466364,43.29310617],[-2.99435235,43.29315568],[-2.99434155,43.29315798],[-2.99432538,43.2934881],[-2.99368982,43.29350601],[-2.99368807,43.29351178],[-2.99313161,43.29350948],[-2.99317342,43.29327706],[-2.99314579,43.29328167],[-2.99293543,43.29329516],[-2.99243347,43.29332212],[-2.99188915,43.29332208],[-2.99136371,43.29334457],[-2.99097385,43.29335804],[-2.99081898,43.29334903],[-2.99070881,43.29329498],[-2.99050579,43.293385],[-2.99018911,43.29343],[-2.98975338,43.29356053],[-2.98956957,43.29361454],[-2.98948716,43.29364603],[-2.98939161,43.29374059],[-2.98935615,43.29379008],[-2.98932953,43.29386215],[-2.98929714,43.29395668],[-2.98926789,43.29404221],[-2.98923666,43.29415927],[-2.98920007,43.29424483],[-2.98914109,43.29438439],[-2.98909133,43.29448792],[-2.98896075,43.294632],[-2.988765,43.29480755],[-2.98866092,43.29496064],[-2.98822951,43.29463643],[-2.98788019,43.29438876],[-2.98765449,43.29406007],[-2.98726817,43.29355576],[-2.9870587,43.29324957],[-2.9869324,43.29306045],[-2.98687229,43.29295686],[-2.98672757,43.29267323],[-2.98616436,43.29163677],[-2.98615995,43.29162864],[-2.98609605,43.29152957],[-2.98597277,43.29143052],[-2.98591848,43.29125041],[-2.98585808,43.2910838],[-2.98579105,43.2908947],[-2.98575259,43.29074163],[-2.9857299,43.29061106],[-2.9857172,43.29051649],[-2.98581045,43.29053904],[-2.98603696,43.29053907],[-2.98638672,43.29049408],[-2.98676041,43.29046263],[-2.98694414,43.29053468],[-2.98709399,43.2905662],[-2.98736244,43.29057073],[-2.98763482,43.29046273],[-2.98791759,43.2903772],[-2.98932877,43.28994965],[-2.99046288,43.28961206],[-2.9923767,43.28896389],[-2.99272262,43.28887389],[-2.99195926,43.29066575],[-2.99230634,43.29067477],[-2.99280828,43.29062075],[-2.99334839,43.29056678],[-2.99372896,43.29046777],[-2.99423055,43.29035973],[-2.99455027,43.29027422],[-2.99484267,43.29018867],[-2.99543285,43.29001764],[-2.99596213,43.28983756],[-2.99638162,43.28970251],[-2.99681155,43.28963949],[-2.99744794,43.28943238],[-2.99877384,43.28890565],[-2.99880347,43.28893719],[-2.99884972,43.28903172],[-2.99890015,43.28911729],[-2.99893792,43.28923882],[-2.99900456,43.28935139],[-2.99922566,43.28936939],[-2.99949376,43.28940093],[-2.9997349,43.28947746],[-2.99964553,43.2893154],[-2.99962325,43.28924786],[-2.99964438,43.2891623],[-2.99970253,43.28905877],[-2.99974804,43.28891016],[-2.99977227,43.2887886],[-2.99975764,43.28870306],[-2.9997334,43.28862203],[-2.99969215,43.28855001],[-2.99963555,43.28846443],[-2.99961629,43.2883834],[-2.99962169,43.28829786],[-2.99965787,43.2881628],[-2.99965403,43.28807724],[-2.99961244,43.28794667],[-2.99954927,43.28782511],[-2.99953507,43.28761801],[-2.99953656,43.28742441],[-2.99951695,43.28729384],[-2.99947187,43.28712274],[-2.99945493,43.28694718],[-2.99947917,43.28684361],[-2.99946569,43.28674908],[-2.99943376,43.28665451],[-2.99937408,43.28656448],[-2.99926657,43.28640688],[-2.99917956,43.28628081],[-2.99912762,43.2861884],[-3.00714816,43.2897354],[-3.01239142,43.2918256],[-3.0123468,43.2918586],[-3.01227093,43.29191264],[-3.01217966,43.29196218],[-3.01207947,43.29200723],[-3.01195201,43.29205673],[-3.01181445,43.29208828],[-3.01169504,43.29213333],[-3.01159604,43.29218734],[-3.01140464,43.29229992],[-3.01086805,43.29259713],[-3.01072901,43.29268268],[-3.01061537,43.29276372],[-3.01052175,43.29281776],[-3.01045052,43.2928718],[-3.0096281,43.29332209],[-3.00942508,43.29343468],[-3.00911154,43.29358326],[-3.00901911,43.2936103],[-3.00889465,43.29362381],[-3.00883996,43.29364631],[-3.00836762,43.29365085],[-3.00823048,43.29366439],[-3.00806257,43.2936734],[-3.00789571,43.29368241],[-3.00780326,43.29369142],[-3.00776897,43.29370042],[-3.00770389,43.29374096],[-3.0076276,43.29379947],[-3.00756484,43.29385349],[-3.00747159,43.29393907],[-3.00737415,43.29404714],[-3.00732023,43.29412367],[-3.00726747,43.29420921],[-3.00720858,43.29430828],[-3.00715234,43.29442531],[-3.00713268,43.29451538],[-3.00711608,43.29461891],[-3.0071115,43.29471348],[-3.0071215,43.29478101],[-3.00714348,43.29486204],[-3.00716929,43.29493407],[-3.00720666,43.2950016],[-3.00725292,43.29507367],[-3.00728532,43.29512766],[-3.00732459,43.2951952],[-3.0073612,43.29527176],[-3.00737005,43.29533929],[-3.00737278,43.29542032],[-3.00736466,43.29546086],[-3.00735583,43.29550136],[-3.00738436,43.29555539],[-3.00728037,43.29560493],[-3.00715129,43.29566797],[-3.00700526,43.29573551],[-3.00688433,43.29578955],[-3.00677067,43.29583455],[-3.00665125,43.29587509],[-3.00652259,43.2958976],[-3.00639544,43.29592914],[-3.00628451,43.29594264],[-3.0061766,43.29596968],[-3.00607066,43.29599218],[-3.00597823,43.29601919],[-3.00590115,43.29604623],[-3.00585571,43.29608672],[-3.00579679,43.29615426],[-3.00576674,43.2962218],[-3.00574938,43.29630287],[-3.00572551,43.2963929],[-3.00571859,43.29647843],[-3.00570936,43.29659099],[-3.00570937,43.29668104],[-3.00570281,43.29674409],[-3.0056547,43.29692869],[-3.00563658,43.29701423],[-3.00558882,43.29710876],[-3.00548828,43.2971718],[-3.00536462,43.29722584],[-3.00515579,43.29725736],[-3.00502289,43.29727538],[-3.00497242,43.29728439],[-3.00470928,43.29730689],[-3.00457986,43.29732043]]]]}},{"type":"Feature","properties":{"code":"ine-4801307","name":"Barakaldo · dystrykt 7","city":"barakaldo","cityName":"Barakaldo","district":7,"income":16405,"income_prev":15295,"income_year":2023},"geometry":{"type":"MultiPolygon","coordinates":[[[[-3.00714816,43.2897354],[-2.99912762,43.2861884],[-2.99917956,43.28628081],[-2.99926657,43.28640688],[-2.99937408,43.28656448],[-2.99943376,43.28665451],[-2.99946569,43.28674908],[-2.99947917,43.28684361],[-2.99945493,43.28694718],[-2.99947187,43.28712274],[-2.99951695,43.28729384],[-2.99953656,43.28742441],[-2.99953507,43.28761801],[-2.99954927,43.28782511],[-2.99961244,43.28794667],[-2.99965403,43.28807724],[-2.99965787,43.2881628],[-2.99962169,43.28829786],[-2.99961629,43.2883834],[-2.99963555,43.28846443],[-2.99969215,43.28855001],[-2.9997334,43.28862203],[-2.99975764,43.28870306],[-2.99977227,43.2887886],[-2.99974804,43.28891016],[-2.99970253,43.28905877],[-2.99964438,43.2891623],[-2.99962325,43.28924786],[-2.99964553,43.2893154],[-2.9997349,43.28947746],[-2.99949376,43.28940093],[-2.99922566,43.28936939],[-2.99900456,43.28935139],[-2.99893792,43.28923882],[-2.99890015,43.28911729],[-2.99884972,43.28903172],[-2.99880347,43.28893719],[-2.99877384,43.28890565],[-2.99744794,43.28943238],[-2.99681155,43.28963949],[-2.99638162,43.28970251],[-2.99596213,43.28983756],[-2.99543285,43.29001764],[-2.99484267,43.29018867],[-2.99455027,43.29027422],[-2.99423055,43.29035973],[-2.99372896,43.29046777],[-2.99334839,43.29056678],[-2.99280828,43.29062075],[-2.99230634,43.29067477],[-2.99195926,43.29066575],[-2.99272262,43.28887389],[-2.9923767,43.28896389],[-2.99046288,43.28961206],[-2.98932877,43.28994965],[-2.98791759,43.2903772],[-2.98763482,43.29046273],[-2.98736244,43.29057073],[-2.98709399,43.2905662],[-2.98694414,43.29053468],[-2.98676041,43.29046263],[-2.98638672,43.29049408],[-2.98603696,43.29053907],[-2.98581045,43.29053904],[-2.9857172,43.29051649],[-2.98570682,43.29043545],[-2.98567684,43.29019232],[-2.9856365,43.28979612],[-2.9855164,43.28951697],[-2.98551259,43.28917927],[-2.98553426,43.28892263],[-2.98558097,43.28851296],[-2.98562764,43.28822483],[-2.98567314,43.2879862],[-2.98571632,43.28791868],[-2.98581002,43.2875585],[-2.98596958,43.28706779],[-2.98614153,43.28649602],[-2.98626675,43.28614933],[-2.9864568,43.28575766],[-2.98652116,43.28558207],[-2.98655047,43.28546498],[-2.98715253,43.28523998],[-2.98793261,43.28493391],[-2.98973386,43.28422274],[-2.99053815,43.28390763],[-2.99109822,43.2836826],[-2.98942438,43.28308361],[-2.98993218,43.28243533],[-2.99145617,43.28297577],[-2.99170077,43.28296225],[-2.99183865,43.28293076],[-2.99190297,43.28290825],[-2.99199391,43.28281821],[-2.99208979,43.28273269],[-2.99216109,43.28265166],[-2.99220079,43.28255257],[-2.99220307,43.28244903],[-2.99217152,43.28239049],[-2.99213845,43.28232765],[-2.99212413,43.28230046],[-2.99203019,43.28222842],[-2.99194393,43.28216088],[-2.99185033,43.28213384],[-2.99223098,43.28139999],[-2.99069043,43.28068852],[-2.98898136,43.27947723],[-2.98873528,43.27938263],[-2.98802431,43.27930602],[-2.98798854,43.27895486],[-2.98796936,43.27884229],[-2.98796938,43.27869822],[-2.98797785,43.27863519],[-2.98799522,43.27851363],[-2.98801293,43.2784236],[-2.98802143,43.27833353],[-2.98802992,43.278275],[-2.9880569,43.27819397],[-2.98807116,43.27806791],[-2.98810971,43.27791485],[-2.98816555,43.27783828],[-2.98826456,43.27777526],[-2.98852723,43.27768526],[-2.98871907,43.27764024],[-2.98883846,43.27760876],[-2.98905029,43.27753673],[-2.9891385,43.27745119],[-2.98924558,43.27735667],[-2.9893519,43.27729364],[-2.98949669,43.27725763],[-2.98958531,43.27725313],[-2.98971546,43.27729368],[-2.98981135,43.27732519],[-2.98992727,43.27736124],[-2.99003592,43.27736573],[-2.99018067,43.27736574],[-2.99029663,43.27736127],[-2.99040795,43.27732524],[-2.99055738,43.27726673],[-2.99071222,43.27717221],[-2.99080277,43.27705515],[-2.99082855,43.27698762],[-2.99083007,43.27692459],[-2.99081269,43.27687147],[-2.99125799,43.27647258],[-2.99161022,43.27596276],[-2.99210917,43.27549106],[-2.99160056,43.27504312],[-2.98924994,43.27513196],[-2.98912316,43.27499294],[-2.98938199,43.27481287],[-2.99144409,43.27375953],[-2.99129284,43.27335879],[-2.99113264,43.27310214],[-2.99095589,43.2729896],[-2.99061933,43.27284547],[-2.98997974,43.27244021],[-2.98966016,43.27209802],[-2.9894919,43.27198094],[-2.98923929,43.27186834],[-2.9889112,43.27184581],[-2.98852412,43.27197632],[-2.98772461,43.27234994],[-2.98730364,43.27257949],[-2.98705097,43.27272806],[-2.98679017,43.27309719],[-2.98655444,43.27335379],[-2.9859574,43.27375445],[-2.98547726,43.27333114],[-2.98518983,43.27239912],[-2.98668189,43.27160693],[-2.98781503,43.27094524],[-2.98983169,43.26920306],[-2.98994496,43.26883837],[-2.98994501,43.26855921],[-2.98985783,43.26816799],[-2.99020286,43.26822903],[-2.99075713,43.26809089],[-2.99095278,43.26788601],[-2.99122668,43.2676859],[-2.99191141,43.26709986],[-2.99220495,43.2661993],[-2.99195071,43.2657752],[-2.99168339,43.26564176],[-2.99103133,43.26582278],[-2.99087486,43.26571794],[-2.98941439,43.26518413],[-2.98921878,43.26518411],[-2.98857969,43.26573679],[-2.98818271,43.26612198],[-2.98768016,43.26582609],[-2.98670562,43.26560984],[-2.98577692,43.26534859],[-2.98518785,43.26508288],[-2.98405503,43.26494765],[-2.98348906,43.26476747],[-2.98289032,43.26472238],[-2.98283105,43.26453327],[-2.98279415,43.26436666],[-2.98278146,43.26426759],[-2.98277036,43.26410103],[-2.98277578,43.26400196],[-2.98278507,43.2638534],[-2.98282054,43.26370484],[-2.98278477,43.2634887],[-2.98275014,43.26334463],[-2.98272245,43.26329509],[-2.9831592,43.262944],[-2.98338257,43.26276393],[-2.98377965,43.26244883],[-2.98631793,43.26041412],[-2.98636107,43.26036913],[-2.98645848,43.26027458],[-2.98658054,43.26012602],[-2.98669918,43.25996844],[-2.98680239,43.25980639],[-2.98689637,43.25966233],[-2.98705775,43.25944172],[-2.98715751,43.25927063],[-2.98721377,43.25909957],[-2.98727926,43.25892848],[-2.98733011,43.25879342],[-2.98742986,43.25864037],[-2.9875327,43.25844225],[-2.98765713,43.2582667],[-2.98776995,43.25811361],[-2.98780267,43.25803708],[-2.98782387,43.25798755],[-2.98789825,43.25778046],[-2.98795105,43.25759137],[-2.98803925,43.25728971],[-2.98815635,43.25704663],[-2.98828691,43.25684404],[-2.98845405,43.25660543],[-2.98857918,43.25644783],[-2.98881907,43.25618673],[-2.98888841,43.25620024],[-2.98895229,43.25621378],[-2.98901164,43.25622727],[-2.98907625,43.2562408],[-2.98914788,43.2562453],[-2.98921681,43.25625431],[-2.98928337,43.25626332],[-2.98934539,43.25627236],[-2.98941734,43.25627237],[-2.98947896,43.25627237],[-2.98955054,43.25627688],[-2.98961221,43.25627688],[-2.98967882,43.25627689],[-2.98975002,43.2562769],[-2.98981164,43.2562769],[-2.98987822,43.25627691],[-2.98995482,43.25627242],[-2.99001644,43.25627243],[-2.99009073,43.25626795],[-2.9901643,43.2562589],[-2.99022551,43.25625891],[-2.99029482,43.25625891],[-2.99036333,43.25625892],[-2.99043761,43.25625893],[-2.99049923,43.25625443],[-2.99056084,43.25625444],[-2.99062705,43.25625445],[-2.99069098,43.25625445],[-2.99076486,43.25625896],[-2.99083843,43.25626346],[-2.99091198,43.25627251],[-2.99098084,43.25628599],[-2.99105479,43.25629502],[-2.99113177,43.25630852],[-2.99120646,43.25630853],[-2.99127306,43.25630853],[-2.9913474,43.25630854],[-2.99141628,43.25630403],[-2.99148254,43.25629955],[-2.99155298,43.25629956],[-2.99161878,43.25631306],[-2.99168234,43.25632657],[-2.99174625,43.25634463],[-2.99180978,43.25636711],[-2.99186403,43.25638961],[-2.99192642,43.25641215],[-2.99199108,43.25643016],[-2.9920581,43.25644366],[-2.99212009,43.25645267],[-2.99218206,43.25646171],[-2.99224632,43.25646621],[-2.99231366,43.25647072],[-2.99238265,43.25647072],[-2.99244426,43.25646623],[-2.99250618,43.25646623],[-2.99257242,43.25646174],[-2.99263403,43.25645721],[-2.992696,43.25645271],[-2.99276069,43.25644371],[-2.99282539,43.25642572],[-2.99289157,43.25640773],[-2.992954,43.25639419],[-2.99301327,43.2563672],[-2.99306565,43.25634019],[-2.99311723,43.25631318],[-2.99317116,43.25627718],[-2.99323121,43.25625015],[-2.99330128,43.25623665],[-2.99336289,43.25623666],[-2.99342371,43.25622764],[-2.99348492,43.25622765],[-2.99355385,43.25622765],[-2.99361541,43.25623218],[-2.99368664,43.25623668],[-2.99375328,43.25624118],[-2.99381716,43.25624119],[-2.99388377,43.25624569],[-2.99394574,43.25625469],[-2.99401543,43.2562502],[-2.99408477,43.2562457],[-2.99414908,43.25623671],[-2.99421529,43.25622321],[-2.99428339,43.25621871],[-2.994345,43.25621872],[-2.99441121,43.25622322],[-2.99447282,43.25622323],[-2.99453676,43.25622771],[-2.99460529,43.25623223],[-2.99467455,43.25623674],[-2.99473657,43.25624124],[-2.99480548,43.25624574],[-2.99487017,43.25624575],[-2.99493757,43.25624125],[-2.99500723,43.25622774],[-2.99506882,43.25620978],[-2.99513733,43.25619173],[-2.99520126,43.25618273],[-2.99526747,43.25616924],[-2.99533141,43.25616024],[-2.99539762,43.25615122],[-2.99546074,43.25614674],[-2.99569446,43.25616475],[-2.99579072,43.25616926],[-2.9958573,43.25617376],[-2.99592969,43.25617376],[-2.99599283,43.25616027],[-2.99605212,43.25613773],[-2.99611025,43.25611974],[-2.99617878,43.25611074],[-2.99624771,43.25610175],[-2.99630893,43.25609273],[-2.99637516,43.25608825],[-2.99644134,43.25608375],[-2.99650755,43.25608375],[-2.99657189,43.25608376],[-2.9966358,43.25607926],[-2.99670238,43.25607926],[-2.99676976,43.25607471],[-2.99683213,43.25606573],[-2.99690144,43.25604322],[-2.99696071,43.25602524],[-2.99703232,43.25599821],[-2.99709204,43.25597121],[-2.9971421,43.25593968],[-2.99718676,43.25590368],[-2.99723291,43.25586315],[-2.99727258,43.25582715],[-2.99731376,43.25578662],[-2.99735726,43.25575508],[-2.99741544,43.25572809],[-2.99747858,43.25571009],[-2.99754977,43.25569209],[-2.99761333,43.25567856],[-2.99767995,43.25566954],[-2.99774462,43.25565607],[-2.99780466,43.25562907],[-2.99785432,43.25560203],[-2.99790589,43.25557054],[-2.99795479,43.255539],[-2.99800869,43.25551201],[-2.99806723,43.25548947],[-2.99812841,43.25546696],[-2.99818773,43.25543998],[-2.99820505,43.25539043],[-2.99821935,43.25534991],[-2.9982709,43.25532291],[-2.99833135,43.25530488],[-2.99839564,43.25529138],[-2.99845534,43.25527339],[-2.9985169,43.25524639],[-2.9985708,43.25522385],[-2.99863665,43.25520585],[-2.99869519,43.25519236],[-2.9987668,43.25517882],[-2.99883608,43.25516083],[-2.99890228,43.25514283],[-2.99896658,43.25512483],[-2.99903127,43.25510229],[-2.99909747,43.2550798],[-2.99915409,43.2550573],[-2.99921066,43.25503028],[-2.9992719,43.25501227],[-2.99933813,43.25498977],[-2.99939972,43.25496724],[-2.99945863,43.25495373],[-2.99951561,43.25493124],[-2.99957949,43.2549087],[-2.99964342,43.25489069],[-2.99970539,43.25486371],[-2.99976393,43.25484117],[-2.99982784,43.25481867],[-2.99988635,43.25480068],[-2.99994831,43.25478264],[-3.00000842,43.25475564],[-3.00005842,43.25471959],[-3.00010041,43.25467461],[-3.0001347,43.25463407],[-3.00017893,43.25459804],[-3.00022051,43.25455305],[-3.00026209,43.25451251],[-3.00030135,43.25447198],[-3.0003337,43.25443146],[-3.00036528,43.25438644],[-3.00040419,43.25434589],[-3.00044345,43.25430541],[-3.00048924,43.25426488],[-3.00054513,43.25422888],[-3.00060361,43.25420185],[-3.00065942,43.25418385],[-3.00071791,43.25417035],[-3.00077879,43.25415685],[-3.00083957,43.25415685],[-3.00090583,43.25415685],[-3.00096971,43.25415685],[-3.00103092,43.25415685],[-3.00109485,43.25416585],[-3.00116373,43.25417485],[-3.00122766,43.25418385],[-3.00128888,43.25419735],[-3.00135584,43.25420635],[-3.00141788,43.25421535],[-3.00148406,43.25422438],[-3.0015457,43.25423338],[-3.0016196,43.25424688],[-3.00168116,43.25425588],[-3.00174818,43.25426487],[-3.00181978,43.25427387],[-3.00188866,43.25427838],[-3.00195991,43.25428741],[-3.00202887,43.25430091],[-3.00209772,43.25430991],[-3.00216933,43.25432341],[-3.00222826,43.2543369],[-3.00228983,43.25435044],[-3.00235644,43.25436394],[-3.00242304,43.25437743],[-3.00249697,43.25439543],[-3.00255894,43.25440893],[-3.00262015,43.25442247],[-3.00268176,43.25443597],[-3.00274878,43.25444946],[-3.00281306,43.25446296],[-3.00287968,43.2544765],[-3.00294358,43.25449002],[-3.00300285,43.25450349],[-3.00306674,43.25451697],[-3.00313834,43.25453049],[-3.00320268,43.25454403],[-3.00326922,43.25455752],[-3.0033386,43.2545665],[-3.00340014,43.25457552],[-3.00347215,43.25458452],[-3.00355072,43.25458901],[-3.00361228,43.25459801],[-3.00368661,43.25460705],[-3.00375549,43.25461153],[-3.00382483,43.25462054],[-3.00389643,43.25462506],[-3.00397071,43.25462954],[-3.00403961,43.25463403],[-3.00411084,43.25463853],[-3.00418245,43.25464301],[-3.00424679,43.25464753],[-3.00431609,43.25464753],[-3.00438727,43.25464753],[-3.00445428,43.254643],[-3.00452051,43.254643],[-3.0045821,43.25463852],[-3.00465679,43.25463852],[-3.0047215,43.25462504],[-3.00478576,43.25460701],[-3.00485005,43.25458898],[-3.00490742,43.25457097],[-3.00496707,43.25453947],[-3.00502368,43.25450344],[-3.00507793,43.2544674],[-3.0051249,43.2544359],[-3.0051692,43.25439987],[-3.00521346,43.25436837],[-3.00526195,43.25432783],[-3.00530852,43.25430083],[-3.00535782,43.25426479],[-3.00540439,43.25423779],[-3.00545096,43.25420626],[-3.00550485,43.25417476],[-3.00555683,43.2541432],[-3.0057959,43.25399464],[-3.00602533,43.25377404],[-3.00607502,43.25370197],[-3.00609735,43.25367947],[-3.00611968,43.25366145],[-3.00614466,43.25363893],[-3.00617357,43.25361643],[-3.00620008,43.25359393],[-3.00623477,43.25357139],[-3.00626015,43.25355789],[-3.00665825,43.2534273],[-3.01045625,43.25210789],[-3.0145256,43.25096838],[-3.01898186,43.25060307],[-3.0186068,43.25005836],[-3.01571618,43.24581303],[-3.0127871,43.24145064],[-3.01698981,43.2396447],[-3.01852534,43.23889709],[-3.02070427,43.23792423],[-3.02076008,43.23796025],[-3.0208128,43.23798274],[-3.02087249,43.23800973],[-3.02092754,43.23802775],[-3.0209899,43.23804574],[-3.02105685,43.23806823],[-3.02111921,43.23808625],[-3.0211885,43.23809972],[-3.02125588,43.23811773],[-3.02132016,43.23813122],[-3.02138479,43.23814473],[-3.02144679,43.23816723],[-3.02164388,43.23826622],[-3.02167816,43.23828875],[-3.02170357,43.23830675],[-3.02175861,43.23833828],[-3.02181135,43.23836526],[-3.02186176,43.23839675],[-3.0220758,43.23852728],[-3.02237915,43.23867581],[-3.0224319,43.2387028],[-3.02249425,43.23873434],[-3.02254738,43.23876133],[-3.0226001,43.23879285],[-3.02265288,43.23881985],[-3.02271293,43.23885136],[-3.02276568,43.23888285],[-3.02281612,43.23891437],[-3.02286421,43.23894586],[-3.02291006,43.23898639],[-3.02294081,43.23902688],[-3.02297741,43.23907641],[-3.02300361,43.23911694],[-3.0230348,43.23915741],[-3.02306602,43.23920246],[-3.0230922,43.23924749],[-3.02311607,43.23929248],[-3.02313226,43.23934201],[-3.02315384,43.23938704],[-3.02317309,43.23943657],[-3.02318698,43.2394906],[-3.02320392,43.2395401],[-3.02322048,43.23958963],[-3.02324167,43.23963466],[-3.02326322,43.23967965],[-3.02328942,43.23972468],[-3.02332062,43.23976521],[-3.02335413,43.2398057],[-3.02338532,43.23985073],[-3.02341654,43.23989575],[-3.02344771,43.23994078],[-3.02349354,43.23998127],[-3.02353664,43.2400218],[-3.02357014,43.24005779],[-3.02361365,43.24009832],[-3.02364948,43.24013884],[-3.02367836,43.24017934],[-3.02370682,43.24022436],[-3.02373303,43.24026489],[-3.02376657,43.24030537],[-3.02380738,43.24034141],[-3.02382777,43.24036166],[-3.02384816,43.24038191],[-3.02388897,43.24041793],[-3.02393212,43.24045845],[-3.0239779,43.24049893],[-3.02402372,43.24053497],[-3.02406455,43.24057545],[-3.02410074,43.240616],[-3.02413158,43.24066101],[-3.02415315,43.24070604],[-3.0241743,43.24075105],[-3.02420322,43.24079157],[-3.02423901,43.24083659],[-3.02426788,43.24087708],[-3.02429408,43.24092661],[-3.02431796,43.24096714],[-3.02433952,43.24101213],[-3.02435573,43.24106167],[-3.02436998,43.2411067],[-3.02439118,43.24115169],[-3.02441506,43.24119672],[-3.0244343,43.24124625],[-3.02445088,43.24129578],[-3.02446476,43.24134527],[-3.02447669,43.24139031],[-3.02449058,43.24143984],[-3.02450215,43.24148937],[-3.02450911,43.2415389],[-3.02452068,43.24158389],[-3.02453953,43.24162893],[-3.0245611,43.24167845],[-3.02458231,43.24171895],[-3.02461084,43.24176398],[-3.02464702,43.24180449],[-3.02469244,43.24183597],[-3.02474517,43.24186752],[-3.02479332,43.24190351],[-3.02485568,43.24193051],[-3.02491306,43.24197552],[-3.02494577,43.24200702],[-3.02498239,43.24205207],[-3.02501124,43.24209256],[-3.0250559,43.24212408],[-3.02508866,43.24217358],[-3.02512137,43.24220958],[-3.02518683,43.24226812],[-3.02521959,43.24230865],[-3.02525229,43.24233565],[-3.02533398,43.24240766],[-3.02535858,43.24245269],[-3.0253913,43.24248868],[-3.0254156,43.24252471],[-3.02546064,43.2425517],[-3.02549103,43.24259223],[-3.02554608,43.24261469],[-3.02559423,43.24265073],[-3.02564738,43.24268672],[-3.02569511,43.24271825],[-3.02574552,43.24274523],[-3.02578867,43.24278126],[-3.02584141,43.24281275],[-3.02588955,43.24284427],[-3.02593497,43.24288026],[-3.0259808,43.24291628],[-3.02602665,43.24295231],[-3.02607204,43.24299279],[-3.02611015,43.24302882],[-3.02615139,43.24306481],[-3.02619217,43.24310533],[-3.02623033,43.24314136],[-3.02650101,43.24340694],[-3.02671702,43.24358699],[-3.02676784,43.24362297],[-3.02681791,43.24364996],[-3.02686605,43.24368598],[-3.02691688,43.24372201],[-3.02697193,43.24375349],[-3.02702466,43.24378503],[-3.02708013,43.2438165],[-3.02712828,43.24385253],[-3.02718101,43.2438795],[-3.02723375,43.24390653],[-3.0272915,43.243938],[-3.02733962,43.24396949],[-3.02739509,43.24400553],[-3.02744551,43.24404155],[-3.02749366,43.24407305],[-3.02753907,43.24410906],[-3.02758722,43.24414505],[-3.02763534,43.24418107],[-3.02768579,43.24421706],[-3.02773393,43.24424859],[-3.02778203,43.24428007],[-3.02782745,43.24431609],[-3.02787327,43.24435208],[-3.02791835,43.24438361],[-3.02796649,43.24441059],[-3.02801691,43.24444662],[-3.02806233,43.24447811],[-3.0281078,43.24450963],[-3.02814859,43.2445456],[-3.02819174,43.24457714],[-3.02823759,43.24461317],[-3.02828799,43.24464915],[-3.02833114,43.24468518],[-3.02837656,43.24471664],[-3.02842471,43.24475269],[-3.02847054,43.24478867],[-3.02851596,43.2448202],[-3.02856369,43.24485168],[-3.02861685,43.24488769],[-3.02866961,43.24491917],[-3.02888826,43.24505874],[-3.02894298,43.24511722],[-3.02901079,43.24521628],[-3.02915948,43.24543234],[-3.02930817,43.24565745],[-3.029421,43.24580597],[-3.02945988,43.24585999],[-3.0296791,43.24617511],[-3.02991369,43.24656675],[-3.03006442,43.24694941],[-3.03007672,43.24698544],[-3.03008405,43.24701694],[-3.03016123,43.24740861],[-3.03039788,43.24805238],[-3.03042975,43.24863317],[-3.0305671,43.24925896],[-3.03057772,43.24972269],[-3.03067375,43.25003784],[-3.03068875,43.25006937],[-3.03069764,43.25010086],[-3.03071805,43.25015039],[-3.03079935,43.25028094],[-3.03086105,43.25040249],[-3.03092262,43.2504835],[-3.03100242,43.25063658],[-3.03117041,43.25091116],[-3.03124243,43.25100568],[-3.03126401,43.25106871],[-3.03128558,43.25111374],[-3.03136568,43.25116775],[-3.03143,43.25123527],[-3.03163613,43.25153688],[-3.0317228,43.25163588],[-3.0317413,43.25167192],[-3.03176869,43.25174844],[-3.03179025,43.25178447],[-3.03183337,43.25182945],[-3.03190703,43.25200053],[-3.03196864,43.25210409],[-3.03199914,43.25220759],[-3.03202993,43.25227513],[-3.03204462,43.25235166],[-3.03204817,43.25250926],[-3.03207212,43.25261732],[-3.0320648,43.25265332],[-3.03203554,43.25268036],[-3.03200477,43.25269387],[-3.03198631,43.25271637],[-3.03195785,43.25281095],[-3.03198015,43.25280644],[-3.0320414,43.25279739],[-3.03210571,43.25279288],[-3.03215726,43.25278384],[-3.03233204,43.25277032],[-3.05049952,43.26548745],[-3.04595998,43.26532723],[-3.04310912,43.26495461],[-3.0382399,43.27089486],[-3.03527301,43.27468672],[-3.03481092,43.27547025],[-3.034378,43.27608721],[-3.03349239,43.27721755],[-3.03206798,43.27903687],[-3.0312918,43.27958638],[-3.0283687,43.28079823],[-3.02807875,43.2810054],[-3.02659676,43.2820728],[-3.02552174,43.28286093],[-3.02541195,43.28294199],[-3.02515819,43.28311314],[-3.02467722,43.28338788],[-3.02460001,43.28342615],[-3.02452281,43.28346443],[-3.02426093,43.28355906],[-3.02414964,43.28362659],[-3.02397329,43.28375271],[-3.02384272,43.28387431],[-3.02378002,43.28398235],[-3.02365912,43.28414897],[-3.0235941,43.28425705],[-3.02346127,43.28436961],[-3.02330911,43.28445521],[-3.02320284,43.28459929],[-3.02306657,43.28473439],[-3.02280317,43.28497757],[-3.02265338,43.28510366],[-3.02241424,43.2853063],[-3.02220902,43.28547294],[-3.02199642,43.28562155],[-3.02185125,43.2857071],[-3.02169609,43.2858062],[-3.02120432,43.28618448],[-3.02087628,43.28657174],[-3.0125598,43.29172801],[-3.01244423,43.29178656],[-3.01239142,43.2918256],[-3.00714816,43.2897354]]]]}},{"type":"Feature","properties":{"code":"ine-4801308","name":"Barakaldo · dystrykt 8","city":"barakaldo","cityName":"Barakaldo","district":8,"income":15034,"income_prev":13810,"income_year":2023},"geometry":{"type":"MultiPolygon","coordinates":[[[[-2.97157429,43.28651121],[-2.97151072,43.28423301],[-2.97150009,43.28384581],[-2.97156431,43.28333707],[-2.97165261,43.2831075],[-2.97188615,43.28280139],[-2.97205264,43.28266637],[-2.97302928,43.28212181],[-2.97463539,43.2813073],[-2.97559192,43.28076271],[-2.97661603,43.27986247],[-2.97717243,43.27819673],[-2.97721796,43.27806168],[-2.97705293,43.27757088],[-2.97647822,43.27678287],[-2.97628864,43.27609846],[-2.97718165,43.27431121],[-2.97731777,43.27382951],[-2.97737352,43.2731677],[-2.97736967,43.27313618],[-2.97735273,43.27308664],[-2.97731541,43.2730236],[-2.97704135,43.27268138],[-2.97648813,43.2721545],[-2.97534642,43.2709206],[-2.97531756,43.27089359],[-2.97464839,43.26975885],[-2.97365083,43.2675615],[-2.97346164,43.26692213],[-2.97345242,43.26689059],[-2.97339245,43.26668798],[-2.97351039,43.26636384],[-2.97461893,43.26568427],[-2.97502566,43.26542773],[-2.97558603,43.26510369],[-2.97570275,43.26502715],[-2.97579479,43.26494164],[-2.97587493,43.26485163],[-2.97593001,43.2647931],[-2.97597935,43.26472108],[-2.97603445,43.26463103],[-2.97608339,43.26453201],[-2.97612003,43.26443295],[-2.97613856,43.26433842],[-2.97615665,43.26423486],[-2.97615633,43.26412679],[-2.97614368,43.26403224],[-2.97611867,43.26391968],[-2.9760937,43.26383415],[-2.97605636,43.26372607],[-2.97600674,43.26363153],[-2.97596328,43.26353695],[-2.97588282,43.26342887],[-2.97578358,43.26329828],[-2.97565998,43.26317669],[-2.97555493,43.26306413],[-2.97543097,43.26296054],[-2.97530126,43.26284794],[-2.97511575,43.26269484],[-2.97498604,43.26259574],[-2.97473276,43.26242462],[-2.97455335,43.26229401],[-2.973954,43.26193367],[-2.97353407,43.26169044],[-2.97321307,43.26147877],[-2.97302132,43.26134366],[-2.97279884,43.2611815],[-2.97252711,43.26097883],[-2.97229201,43.26077618],[-2.97201367,43.26054198],[-2.9719479,43.26047444],[-2.97086868,43.25962772],[-2.97057777,43.25921791],[-2.97046669,43.25886222],[-2.97059935,43.25848407],[-2.97155492,43.25770991],[-2.97188797,43.2569266],[-2.97200749,43.25649889],[-2.97203871,43.25642237],[-2.97231116,43.25588668],[-2.97314957,43.25526555],[-2.97366642,43.25486498],[-2.97383279,43.25476145],[-2.97394984,43.25468493],[-2.97398993,43.25465792],[-2.97421759,43.25436084],[-2.97458632,43.25360003],[-2.97473887,43.25334793],[-2.97477169,43.25318134],[-2.97465365,43.25285715],[-2.9744055,43.25255096],[-2.97428392,43.2522988],[-2.97408383,43.25200607],[-2.97404122,43.25179898],[-2.97414752,43.25156487],[-2.97421497,43.25148386],[-2.97452572,43.25124081],[-2.97537329,43.25070972],[-2.97607562,43.25034518],[-2.97640023,43.25005258],[-2.97653154,43.24999859],[-2.9767749,43.24987709],[-2.97713219,43.2497511],[-2.97736124,43.24967462],[-2.97757456,43.24959359],[-2.97767163,43.24955312],[-2.97773742,43.2494901],[-2.97777096,43.24946305],[-2.9785903,43.25005756],[-2.97920379,43.25041334],[-2.97948705,43.2505845],[-2.98118136,43.25163833],[-2.98350618,43.25173328],[-2.98569943,43.25465557],[-2.98720164,43.25482236],[-2.98840412,43.25591206],[-2.98850498,43.25602014],[-2.98869665,43.25617772],[-2.98875867,43.25618223],[-2.98881907,43.25618673],[-2.98857918,43.25644783],[-2.98845405,43.25660543],[-2.98828691,43.25684404],[-2.98815635,43.25704663],[-2.98803925,43.25728971],[-2.98795105,43.25759137],[-2.98789825,43.25778046],[-2.98782387,43.25798755],[-2.98780267,43.25803708],[-2.98776995,43.25811361],[-2.98765713,43.2582667],[-2.9875327,43.25844225],[-2.98742986,43.25864037],[-2.98733011,43.25879342],[-2.98727926,43.25892848],[-2.98721377,43.25909957],[-2.98715751,43.25927063],[-2.98705775,43.25944172],[-2.98689637,43.25966233],[-2.98680239,43.25980639],[-2.98669918,43.25996844],[-2.98658054,43.26012602],[-2.98645848,43.26027458],[-2.98636107,43.26036913],[-2.98631793,43.26041412],[-2.98377965,43.26244883],[-2.98338257,43.26276393],[-2.9831592,43.262944],[-2.98272245,43.26329509],[-2.98269048,43.26332179],[-2.98232365,43.26308515],[-2.98181539,43.26206536],[-2.98167207,43.26165555],[-2.98177645,43.26145544],[-2.98195906,43.26126487],[-2.98165928,43.26082644],[-2.98130713,43.26108369],[-2.98094197,43.26122658],[-2.98066805,43.26149337],[-2.98038113,43.26163627],[-2.9802637,43.26184591],[-2.98038098,43.26211277],[-2.98070691,43.26231296],[-2.98073293,43.26251309],[-2.98057631,43.26296097],[-2.98034147,43.26331354],[-2.98032835,43.26355179],[-2.98083689,43.26364717],[-2.98098028,43.26381874],[-2.98086285,43.26402838],[-2.98032809,43.26436184],[-2.98026283,43.26455242],[-2.98057642,43.26508751],[-2.98035647,43.26527121],[-2.97998402,43.26552778],[-2.98162693,43.27089034],[-2.98135734,43.27106138],[-2.97927014,43.2720785],[-2.97928454,43.27276288],[-2.97920922,43.27336618],[-2.97927685,43.27381192],[-2.97932568,43.27408656],[-2.97933343,43.27409113],[-2.97934727,43.27417427],[-2.97931135,43.27433389],[-2.97927867,43.27456499],[-2.97942605,43.27497508],[-2.97942278,43.27497804],[-2.97959024,43.27520316],[-2.97977888,43.2753608],[-2.97990901,43.27552739],[-2.97996138,43.2756715],[-2.9800248,43.27583805],[-2.98009446,43.27600917],[-2.98015836,43.27617126],[-2.98022417,43.2763739],[-2.98030149,43.27654498],[-2.98038693,43.2766981],[-2.98050976,43.27690072],[-2.98066103,43.27710334],[-2.98081771,43.27728795],[-2.98107955,43.27745458],[-2.98085802,43.27765718],[-2.98081949,43.27771117],[-2.98057793,43.27804882],[-2.98043449,43.27841796],[-2.98029271,43.2787376],[-2.98005177,43.27922832],[-2.97982107,43.27924628],[-2.97991051,43.28016927],[-2.9804509,43.28009286],[-2.98055345,43.2809258],[-2.98030043,43.28093475],[-2.97984397,43.28104724],[-2.97967515,43.28135783],[-2.97975937,43.28175858],[-2.97978237,43.28201972],[-2.9798393,43.28231236],[-2.97993935,43.28261854],[-2.97999628,43.28283465],[-2.98001858,43.28295172],[-2.98011249,43.28314084],[-2.98031843,43.28342904],[-2.98053445,43.28373071],[-2.98071885,43.28396488],[-2.98083203,43.28414949],[-2.98095561,43.28433411],[-2.98103145,43.28445569],[-2.98121049,43.28471235],[-2.98139149,43.28493748],[-2.98159668,43.28515363],[-2.98181695,43.28531575],[-2.98199756,43.28544185],[-2.98216625,43.28553644],[-2.98232302,43.285622],[-2.98260417,43.28574811],[-2.98282755,43.28582918],[-2.98300161,43.28589674],[-2.98313837,43.28593729],[-2.98346231,43.28599138],[-2.98376964,43.28602292],[-2.98404196,43.28603646],[-2.98434201,43.28604098],[-2.98455661,43.28602753],[-2.98480242,43.28600057],[-2.98507123,43.28594657],[-2.98537321,43.28587909],[-2.9856163,43.28580709],[-2.98584786,43.28573056],[-2.98635941,43.28553705],[-2.98655047,43.28546498],[-2.98652116,43.28558207],[-2.9864568,43.28575766],[-2.98626675,43.28614933],[-2.98614153,43.28649602],[-2.98596958,43.28706779],[-2.98581002,43.2875585],[-2.98571632,43.28791868],[-2.98567314,43.2879862],[-2.98562764,43.28822483],[-2.98558097,43.28851296],[-2.98553426,43.28892263],[-2.98551259,43.28917927],[-2.9855164,43.28951697],[-2.9856365,43.28979612],[-2.98567684,43.29019232],[-2.98570682,43.29043545],[-2.9857172,43.29051649],[-2.9857299,43.29061106],[-2.98575259,43.29074163],[-2.98579105,43.2908947],[-2.98585808,43.2910838],[-2.98591848,43.29125041],[-2.98597277,43.29143052],[-2.98609605,43.29152957],[-2.98615995,43.29162864],[-2.98587219,43.29175467],[-2.98549767,43.29192568],[-2.98493131,43.29224077],[-2.98459803,43.29242532],[-2.98430097,43.29257388],[-2.98404013,43.29272241],[-2.98375043,43.29283043],[-2.98334858,43.2929069],[-2.983013,43.29309145],[-2.98279264,43.29320844],[-2.98251945,43.29332995],[-2.98212148,43.29351],[-2.98165988,43.29372606],[-2.98100526,43.29395104],[-2.98011989,43.29423001],[-2.97891864,43.29450446],[-2.97687397,43.29487774],[-2.97489984,43.29521048],[-2.97430341,43.2953859],[-2.97419757,43.29521932],[-2.97380373,43.29451686],[-2.97335723,43.29371533],[-2.9729257,43.29294083],[-2.97249997,43.29221589],[-2.97198153,43.29133328],[-2.97191076,43.2911802],[-2.97137963,43.29004547],[-2.97136999,43.29002747],[-2.97135964,43.28998693],[-2.9709832,43.28853711],[-2.97097784,43.28846504],[-2.97102499,43.28815891],[-2.97157429,43.28651121]]]]}},{"type":"Feature","properties":{"code":"ine-4801309","name":"Barakaldo · dystrykt 9","city":"barakaldo","cityName":"Barakaldo","district":9,"income":16462,"income_prev":15013,"income_year":2023},"geometry":{"type":"MultiPolygon","coordinates":[[[[-2.97993935,43.28261854],[-2.9798393,43.28231236],[-2.97978237,43.28201972],[-2.97975937,43.28175858],[-2.97967515,43.28135783],[-2.97984397,43.28104724],[-2.98030043,43.28093475],[-2.98055345,43.2809258],[-2.9804509,43.28009286],[-2.97991051,43.28016927],[-2.97982107,43.27924628],[-2.98005177,43.27922832],[-2.98029271,43.2787376],[-2.98043449,43.27841796],[-2.98057793,43.27804882],[-2.98081949,43.27771117],[-2.98085802,43.27765718],[-2.98107955,43.27745458],[-2.98081771,43.27728795],[-2.98066103,43.27710334],[-2.98050976,43.27690072],[-2.98038693,43.2766981],[-2.98030149,43.27654498],[-2.98022417,43.2763739],[-2.98015836,43.27617126],[-2.98009446,43.27600917],[-2.9800248,43.27583805],[-2.97996138,43.2756715],[-2.97990901,43.27552739],[-2.97977888,43.2753608],[-2.97959024,43.27520316],[-2.97942278,43.27497804],[-2.97942605,43.27497508],[-2.97927867,43.27456499],[-2.97931135,43.27433389],[-2.97934727,43.27417427],[-2.97933343,43.27409113],[-2.97932568,43.27408656],[-2.97927685,43.27381192],[-2.97920922,43.27336618],[-2.97928454,43.27276288],[-2.97927014,43.2720785],[-2.98135734,43.27106138],[-2.98162693,43.27089034],[-2.97998402,43.26552778],[-2.98035647,43.26527121],[-2.98057642,43.26508751],[-2.98026283,43.26455242],[-2.98032809,43.26436184],[-2.98086285,43.26402838],[-2.98098028,43.26381874],[-2.98083689,43.26364717],[-2.98032835,43.26355179],[-2.98034147,43.26331354],[-2.98057631,43.26296097],[-2.98073293,43.26251309],[-2.98070691,43.26231296],[-2.98038098,43.26211277],[-2.9802637,43.26184591],[-2.98038113,43.26163627],[-2.98066805,43.26149337],[-2.98094197,43.26122658],[-2.98130713,43.26108369],[-2.98165928,43.26082644],[-2.98195906,43.26126487],[-2.98177645,43.26145544],[-2.98167207,43.26165555],[-2.98181539,43.26206536],[-2.98232365,43.26308515],[-2.98269048,43.26332179],[-2.98272245,43.26329509],[-2.98275014,43.26334463],[-2.98278477,43.2634887],[-2.98282054,43.26370484],[-2.98278507,43.2638534],[-2.98277578,43.26400196],[-2.98277036,43.26410103],[-2.98278146,43.26426759],[-2.98279415,43.26436666],[-2.98283105,43.26453327],[-2.98289032,43.26472238],[-2.98348906,43.26476747],[-2.98405503,43.26494765],[-2.98518785,43.26508288],[-2.98577692,43.26534859],[-2.98670562,43.26560984],[-2.98768016,43.26582609],[-2.98818271,43.26612198],[-2.98857969,43.26573679],[-2.98921878,43.26518411],[-2.98941439,43.26518413],[-2.99087486,43.26571794],[-2.99103133,43.26582278],[-2.99168339,43.26564176],[-2.99195071,43.2657752],[-2.99220495,43.2661993],[-2.99191141,43.26709986],[-2.99122668,43.2676859],[-2.99095278,43.26788601],[-2.99075713,43.26809089],[-2.99020286,43.26822903],[-2.98985783,43.26816799],[-2.98994501,43.26855921],[-2.98994496,43.26883837],[-2.98983169,43.26920306],[-2.98781503,43.27094524],[-2.98668189,43.27160693],[-2.98518983,43.27239912],[-2.98547726,43.27333114],[-2.9859574,43.27375445],[-2.98655444,43.27335379],[-2.98679017,43.27309719],[-2.98705097,43.27272806],[-2.98730364,43.27257949],[-2.98772461,43.27234994],[-2.98852412,43.27197632],[-2.9889112,43.27184581],[-2.98923929,43.27186834],[-2.9894919,43.27198094],[-2.98966016,43.27209802],[-2.98997974,43.27244021],[-2.99061933,43.27284547],[-2.99095589,43.2729896],[-2.99113264,43.27310214],[-2.99129284,43.27335879],[-2.99144409,43.27375953],[-2.98938199,43.27481287],[-2.98912316,43.27499294],[-2.98924994,43.27513196],[-2.99160056,43.27504312],[-2.99210917,43.27549106],[-2.99161022,43.27596276],[-2.99125799,43.27647258],[-2.99081269,43.27687147],[-2.99083007,43.27692459],[-2.99082855,43.27698762],[-2.99080277,43.27705515],[-2.99071222,43.27717221],[-2.99055738,43.27726673],[-2.99040795,43.27732524],[-2.99029663,43.27736127],[-2.99018067,43.27736574],[-2.99003592,43.27736573],[-2.98992727,43.27736124],[-2.98981135,43.27732519],[-2.98971546,43.27729368],[-2.98958531,43.27725313],[-2.98949669,43.27725763],[-2.9893519,43.27729364],[-2.98924558,43.27735667],[-2.9891385,43.27745119],[-2.98905029,43.27753673],[-2.98883846,43.27760876],[-2.98871907,43.27764024],[-2.98852723,43.27768526],[-2.98826456,43.27777526],[-2.98816555,43.27783828],[-2.98810971,43.27791485],[-2.98807116,43.27806791],[-2.9880569,43.27819397],[-2.98802992,43.278275],[-2.98802143,43.27833353],[-2.98801293,43.2784236],[-2.98799522,43.27851363],[-2.98797785,43.27863519],[-2.98796938,43.27869822],[-2.98796936,43.27884229],[-2.98798854,43.27895486],[-2.98802431,43.27930602],[-2.98873528,43.27938263],[-2.98898136,43.27947723],[-2.99069043,43.28068852],[-2.99223098,43.28139999],[-2.99185033,43.28213384],[-2.99194393,43.28216088],[-2.99203019,43.28222842],[-2.99212413,43.28230046],[-2.99213845,43.28232765],[-2.99217152,43.28239049],[-2.99220307,43.28244903],[-2.99220079,43.28255257],[-2.99216109,43.28265166],[-2.99208979,43.28273269],[-2.99199391,43.28281821],[-2.99190297,43.28290825],[-2.99183865,43.28293076],[-2.99170077,43.28296225],[-2.99145617,43.28297577],[-2.98993218,43.28243533],[-2.98942438,43.28308361],[-2.99109822,43.2836826],[-2.99053815,43.28390763],[-2.98973386,43.28422274],[-2.98793261,43.28493391],[-2.98715253,43.28523998],[-2.98655047,43.28546498],[-2.98635941,43.28553705],[-2.98584786,43.28573056],[-2.9856163,43.28580709],[-2.98537321,43.28587909],[-2.98507123,43.28594657],[-2.98480242,43.28600057],[-2.98455661,43.28602753],[-2.98434201,43.28604098],[-2.98404196,43.28603646],[-2.98376964,43.28602292],[-2.98346231,43.28599138],[-2.98313837,43.28593729],[-2.98300161,43.28589674],[-2.98282755,43.28582918],[-2.98260417,43.28574811],[-2.98232302,43.285622],[-2.98216625,43.28553644],[-2.98199756,43.28544185],[-2.98181695,43.28531575],[-2.98159668,43.28515363],[-2.98139149,43.28493748],[-2.98121049,43.28471235],[-2.98103145,43.28445569],[-2.98095561,43.28433411],[-2.98083203,43.28414949],[-2.98071885,43.28396488],[-2.98053445,43.28373071],[-2.98031843,43.28342904],[-2.98011249,43.28314084],[-2.98001858,43.28295172],[-2.97999628,43.28283465],[-2.97993935,43.28261854]]]]}},{"type":"Feature","properties":{"code":"ine-4801501","name":"Basauri · dystrykt 1","city":"basauri","cityName":"Basauri","district":1,"income":15947,"income_prev":14624,"income_year":2023},"geometry":{"type":"MultiPolygon","coordinates":[[[[-2.90803942,43.2452767],[-2.90771842,43.24525842],[-2.90723954,43.24527154],[-2.90688275,43.24525326],[-2.90657941,43.24525749],[-2.90639229,43.24528439],[-2.90624175,43.24530676],[-2.90583597,43.24536046],[-2.90579404,43.24506776],[-2.90576949,43.24502724],[-2.90570186,43.24494161],[-2.9056281,43.24487402],[-2.90553,43.24481991],[-2.905395,43.24476126],[-2.90460942,43.24446797],[-2.90396482,43.24412977],[-2.90382366,43.24405758],[-2.90367021,43.24398992],[-2.90354749,43.24394031],[-2.90343091,43.24388618],[-2.90335096,43.24384106],[-2.90327132,43.24379148],[-2.90320368,43.24373739],[-2.90314833,43.24368786],[-2.90305648,43.2435797],[-2.90302538,43.24354364],[-2.90298247,43.24343557],[-2.9029453,43.24331847],[-2.90293309,43.24326892],[-2.90292047,43.24319688],[-2.90291441,43.24313384],[-2.90292652,43.24302578],[-2.90183498,43.24295281],[-2.90187112,43.24275475],[-2.90185248,43.24261517],[-2.90184612,43.24248909],[-2.90179096,43.24236298],[-2.90174773,43.24218734],[-2.9016983,43.24202525],[-2.90163652,43.24191711],[-2.90161204,43.24183154],[-2.9015318,43.24168739],[-2.90144576,43.24157928],[-2.90135358,43.24145764],[-2.90125524,43.24134049],[-2.90119376,43.2412684],[-2.90105886,43.24116921],[-2.90095428,43.24107459],[-2.90083781,43.24099796],[-2.90072134,43.24091229],[-2.90059828,43.24084463],[-2.90040175,43.24073643],[-2.90018099,43.24063718],[-2.89999058,43.24055148],[-2.89981902,43.2404793],[-2.89963481,43.24039805],[-2.89934663,43.24031228],[-2.89899686,43.24025344],[-2.89872063,43.24018564],[-2.898402,43.24013584],[-2.89804611,43.24007249],[-2.89772704,43.2400452],[-2.89738956,43.23999537],[-2.8970829,43.23995455],[-2.89679504,43.2399228],[-2.89650831,43.23990454],[-2.89626813,43.23989982],[-2.89598445,43.23989956],[-2.89586938,43.23989945],[-2.8952752,43.24006547],[-2.89511767,43.24013736],[-2.89438319,43.23885352],[-2.89413929,43.23878576],[-2.89377915,43.23872239],[-2.89337203,43.23866348],[-2.89272021,43.23856383],[-2.89237311,43.23851397],[-2.89212073,43.2384642],[-2.89171368,43.23836028],[-2.89134946,43.23822487],[-2.89114987,43.23813011],[-2.89092375,43.23802633],[-2.89075839,43.23793614],[-2.89059545,43.23780991],[-2.89041669,43.23766568],[-2.89026493,43.23753496],[-2.89019881,43.23746737],[-2.89008015,43.23735018],[-2.88992001,43.23715193],[-2.88977453,43.23692665],[-2.88969022,43.23673747],[-2.88960749,43.23651229],[-2.88950366,43.23624206],[-2.88949468,43.23612049],[-2.88948884,43.23593138],[-2.88949471,43.23567025],[-2.88952764,43.23534612],[-2.88952962,43.23532358],[-2.88969069,43.23498159],[-2.88981393,43.23472954],[-2.88996104,43.23446857],[-2.89026433,43.23401863],[-2.89043892,43.23368113],[-2.89056836,43.23340209],[-2.89062402,43.23325358],[-2.89075639,43.23285748],[-2.89091534,43.23242542],[-2.89111865,43.23171875],[-2.8911792,43.23145767],[-2.89120709,43.23112006],[-2.89122324,43.23069232],[-2.8912015,43.23057973],[-2.89140499,43.23040882],[-2.89173447,43.23015704],[-2.89203282,43.22990969],[-2.89230254,43.22970281],[-2.89586863,43.2295846],[-2.90093766,43.22957559],[-2.90122669,43.2302827],[-2.90124355,43.23033675],[-2.90124341,43.23042232],[-2.90127141,43.23048084],[-2.90131286,43.23055745],[-2.90134084,43.2306295],[-2.90136647,43.23071506],[-2.90138406,43.2307871],[-2.90139082,43.23087716],[-2.90137378,43.23093568],[-2.90138171,43.23105274],[-2.90139302,43.23116981],[-2.90140978,43.2312869],[-2.90143225,43.23142648],[-2.90144831,43.23152106],[-2.90145083,43.2316021],[-2.90142532,43.23168763],[-2.90139632,43.23174614],[-2.90133852,43.2318046],[-2.90129494,43.2318631],[-2.90125096,43.23192609],[-2.90123005,43.23199809],[-2.90125793,43.2321287],[-2.90129631,43.2322143],[-2.90132735,43.23228186],[-2.90132031,43.23236288],[-2.90130252,43.2324259],[-2.90129115,43.23251592],[-2.9012963,43.23266901],[-2.90132146,43.23283112],[-2.90136903,43.23292574],[-2.90143694,43.23303832],[-2.90153105,43.23314647],[-2.90162174,43.23324559],[-2.90167091,43.23331769],[-2.90173996,43.23343931],[-2.90184014,43.23359697],[-2.90192731,43.23372311],[-2.90197492,43.23377718],[-2.90207099,43.2338718],[-2.90217704,43.23398446],[-2.90224732,43.23408808],[-2.90227716,43.23417814],[-2.90231862,43.23426375],[-2.90257734,43.23444403],[-2.9036629,43.23550302],[-2.90378393,43.23562019],[-2.90455223,43.2365438],[-2.90684383,43.2390355],[-2.9083447,43.23942392],[-2.90949638,43.23964544],[-2.91159745,43.24024592],[-2.91191519,43.24327624],[-2.91253851,43.2447805],[-2.91256844,43.24485257],[-2.91267555,43.24583416],[-2.91246384,43.24583847],[-2.91221864,43.2458293],[-2.9119669,43.24581111],[-2.91173983,43.2457929],[-2.91147619,43.24577469],[-2.91122486,43.2457475],[-2.91090584,43.24567972],[-2.91050716,43.24562087],[-2.91010802,43.24556202],[-2.90969091,43.24548516],[-2.90923715,43.24541726],[-2.90893621,43.24536749],[-2.90864336,43.24531322],[-2.90837049,43.245286],[-2.90803942,43.2452767]]]]}},{"type":"Feature","properties":{"code":"ine-4801502","name":"Basauri · dystrykt 2","city":"basauri","cityName":"Basauri","district":2,"income":16824,"income_prev":15311,"income_year":2023},"geometry":{"type":"MultiPolygon","coordinates":[[[[-2.87856182,43.23767615],[-2.87872866,43.2373972],[-2.87887464,43.23714972],[-2.87903566,43.23691575],[-2.8792655,43.23667286],[-2.87952801,43.23644804],[-2.87955924,43.2364211],[-2.87974625,43.23626818],[-2.87994987,43.23605679],[-2.88014794,43.23575083],[-2.88029742,43.23545384],[-2.88086424,43.23472955],[-2.88104057,43.23450912],[-2.8812958,43.23426177],[-2.88159101,43.23405498],[-2.88192846,43.23390672],[-2.88219894,43.23376744],[-2.88247993,43.23372269],[-2.88286356,43.23377262],[-2.88332293,43.23384063],[-2.88371486,43.2339581],[-2.88387454,43.23399879],[-2.8842238,43.23408918],[-2.88497816,43.23428355],[-2.88550352,43.23447318],[-2.88597268,43.23467175],[-2.8863453,43.23484324],[-2.88660298,43.23493799],[-2.88691643,43.23503737],[-2.88720269,43.2351052],[-2.88744245,43.23512344],[-2.8877955,43.23503824],[-2.88814889,43.23478197],[-2.88858481,43.2344357],[-2.88910151,43.23411203],[-2.88944507,43.23376571],[-2.88967038,43.23345976],[-2.88985455,43.23314025],[-2.89009146,43.23278933],[-2.89030378,43.23242934],[-2.89049448,43.23188475],[-2.89055846,43.23144358],[-2.89052637,43.23106535],[-2.8908692,43.23088108],[-2.89111669,43.23064718],[-2.8912015,43.23057973],[-2.89122324,43.23069232],[-2.89120709,43.23112006],[-2.8911792,43.23145767],[-2.89111865,43.23171875],[-2.89091534,43.23242542],[-2.89075639,43.23285748],[-2.89062402,43.23325358],[-2.89056836,43.23340209],[-2.89043892,43.23368113],[-2.89026433,43.23401863],[-2.88996104,43.23446857],[-2.88981393,43.23472954],[-2.88969069,43.23498159],[-2.88952962,43.23532358],[-2.88952764,43.23534612],[-2.88949471,43.23567025],[-2.88948884,43.23593138],[-2.88949468,43.23612049],[-2.88950366,43.23624206],[-2.88960749,43.23651229],[-2.88969022,43.23673747],[-2.88977453,43.23692665],[-2.88992001,43.23715193],[-2.89008015,43.23735018],[-2.89019881,43.23746737],[-2.89026493,43.23753496],[-2.89041669,43.23766568],[-2.89059545,43.23780991],[-2.89075839,43.23793614],[-2.89007993,43.23767885],[-2.88955662,43.23760631],[-2.88914213,43.23759691],[-2.88868046,43.23769549],[-2.88827135,43.23788869],[-2.88785358,43.23816294],[-2.88765708,43.23828882],[-2.88752337,43.23837422],[-2.88716957,43.23862148],[-2.88697108,43.23876987],[-2.88683122,43.2388733],[-2.8865739,43.23917017],[-2.88642828,43.2394537],[-2.88578425,43.2409253],[-2.8856363,43.2412088],[-2.88550982,43.24134374],[-2.88527506,43.24151011],[-2.88508627,43.24161798],[-2.88461336,43.24174357],[-2.88420102,43.24179715],[-2.88364752,43.24179659],[-2.88317488,43.24177808],[-2.88262722,43.24175054],[-2.88226658,43.24174117],[-2.88189088,43.2417363],[-2.88168581,43.24171803],[-2.88152339,43.24168636],[-2.88140761,43.24167274],[-2.88117664,43.24166347],[-2.8809943,43.24161378],[-2.88080382,43.24157755],[-2.88044733,43.24143761],[-2.88036201,43.24136548],[-2.88012105,43.2411536],[-2.88002379,43.24091938],[-2.87982986,43.24068958],[-2.87930472,43.23977954],[-2.8789365,43.23913981],[-2.87875089,43.23899555],[-2.8779457,43.23840937],[-2.87808498,43.23823392],[-2.87832613,43.23795053],[-2.87856182,43.23767615]]]]}},{"type":"Feature","properties":{"code":"ine-4801503","name":"Basauri · dystrykt 3","city":"basauri","cityName":"Basauri","district":3,"income":16217,"income_prev":15064,"income_year":2023},"geometry":{"type":"MultiPolygon","coordinates":[[[[-2.87638583,43.24195554],[-2.87630329,43.24165828],[-2.87643303,43.24013216],[-2.8764273,43.24011862],[-2.87690136,43.23960587],[-2.87728869,43.23916505],[-2.87756877,43.23885022],[-2.87785428,43.23852182],[-2.8779457,43.23840937],[-2.87875089,43.23899555],[-2.8789365,43.23913981],[-2.87930472,43.23977954],[-2.87982986,43.24068958],[-2.88002379,43.24091938],[-2.88012105,43.2411536],[-2.88036201,43.24136548],[-2.88044733,43.24143761],[-2.88080382,43.24157755],[-2.8809943,43.24161378],[-2.88117664,43.24166347],[-2.88140761,43.24167274],[-2.88152339,43.24168636],[-2.88168581,43.24171803],[-2.88189088,43.2417363],[-2.88226658,43.24174117],[-2.88262722,43.24175054],[-2.88317488,43.24177808],[-2.88364752,43.24179659],[-2.88420102,43.24179715],[-2.88461336,43.24174357],[-2.88508627,43.24161798],[-2.88527506,43.24151011],[-2.88550982,43.24134374],[-2.8856363,43.2412088],[-2.88578425,43.2409253],[-2.88642828,43.2394537],[-2.8865739,43.23917017],[-2.88683122,43.2388733],[-2.88697108,43.23876987],[-2.88716957,43.23862148],[-2.88752337,43.23837422],[-2.88765708,43.23828882],[-2.88785358,43.23816294],[-2.88827135,43.23788869],[-2.88868046,43.23769549],[-2.88914213,43.23759691],[-2.88955662,43.23760631],[-2.89007993,43.23767885],[-2.89075839,43.23793614],[-2.89092375,43.23802633],[-2.89114987,43.23813011],[-2.89134946,43.23822487],[-2.89171368,43.23836028],[-2.89212073,43.2384642],[-2.89237311,43.23851397],[-2.89272021,43.23856383],[-2.89337203,43.23866348],[-2.89377915,43.23872239],[-2.89413929,43.23878576],[-2.89438319,43.23885352],[-2.89511767,43.24013736],[-2.89494817,43.24021827],[-2.89460215,43.24044305],[-2.89443222,43.24055546],[-2.8939657,43.24098726],[-2.89342865,43.24149553],[-2.893158,43.24174287],[-2.89284454,43.24203075],[-2.89233406,43.24252103],[-2.89220374,43.24265147],[-2.89192852,43.24286731],[-2.89162169,43.24311465],[-2.89149985,43.24322261],[-2.89147938,43.24324058],[-2.8914031,43.24329455],[-2.89116529,43.24344172],[-2.89097459,43.24355975],[-2.89062522,43.24369448],[-2.88980224,43.2439143],[-2.88899854,43.24412516],[-2.88889677,43.24418357],[-2.88804022,43.24467798],[-2.88782093,43.24480383],[-2.88689886,43.24509109],[-2.88616686,43.24522992],[-2.88575645,43.24526555],[-2.88499153,43.24528728],[-2.88445236,43.2452462],[-2.88342161,43.24517761],[-2.88280363,43.24505991],[-2.88019889,43.24424681],[-2.878121,43.24310551],[-2.87726025,43.24277592],[-2.87680204,43.24246926],[-2.8765612,43.24222586],[-2.87638583,43.24195554]]]]}},{"type":"Feature","properties":{"code":"ine-4801504","name":"Basauri · dystrykt 4","city":"basauri","cityName":"Basauri","district":4,"income":16265,"income_prev":14584,"income_year":2023},"geometry":{"type":"MultiPolygon","coordinates":[[[[-2.8699439,43.23388018],[-2.86904275,43.23290214],[-2.86830821,43.2321269],[-2.86809888,43.23195106],[-2.86783263,43.23173015],[-2.86738991,43.23145945],[-2.86685518,43.23116621],[-2.86666524,43.23108945],[-2.86718649,43.23065783],[-2.86730884,43.23068947],[-2.86739967,43.23067608],[-2.86783375,43.23050098],[-2.86793248,43.23042456],[-2.86801546,43.23030309],[-2.86812864,43.22993856],[-2.86813386,43.229835],[-2.86813016,43.22977196],[-2.86806413,43.22969535],[-2.86960698,43.22967459],[-2.87094586,43.22964012],[-2.87173565,43.22921777],[-2.87503622,43.227416],[-2.87781582,43.2258882],[-2.87796115,43.22613151],[-2.87796984,43.22622155],[-2.87803536,43.22634769],[-2.87831454,43.22664965],[-2.87861734,43.22687961],[-2.87895548,43.2271321],[-2.87943603,43.22734871],[-2.87978473,43.22751115],[-2.8802174,43.22763767],[-2.88062243,43.22773716],[-2.88112899,43.22786826],[-2.88160748,43.22799032],[-2.88206059,43.22808533],[-2.88251861,43.2282569],[-2.8829182,43.22838338],[-2.8833169,43.22859539],[-2.88359795,43.22873074],[-2.88438051,43.22920431],[-2.88495913,43.22948851],[-2.88526553,43.22968694],[-2.88556764,43.22986734],[-2.88594411,43.2300118],[-2.88639221,43.2301338],[-2.88683752,43.23031434],[-2.88721942,43.23044529],[-2.88762141,43.23054475],[-2.8880411,43.2306217],[-2.88833775,43.23067152],[-2.88874059,43.23072142],[-2.88922458,43.23078042],[-2.88966784,43.23081689],[-2.89006722,43.23088481],[-2.89052637,43.23106535],[-2.89055846,43.23144358],[-2.89049448,43.23188475],[-2.89030378,43.23242934],[-2.89009146,43.23278933],[-2.88985455,43.23314025],[-2.88967038,43.23345976],[-2.88944507,43.23376571],[-2.88910151,43.23411203],[-2.88858481,43.2344357],[-2.88814889,43.23478197],[-2.8877955,43.23503824],[-2.88744245,43.23512344],[-2.88720269,43.2351052],[-2.88691643,43.23503737],[-2.88660298,43.23493799],[-2.8863453,43.23484324],[-2.88597268,43.23467175],[-2.88550352,43.23447318],[-2.88497816,43.23428355],[-2.8842238,43.23408918],[-2.88387454,43.23399879],[-2.88371486,43.2339581],[-2.88332293,43.23384063],[-2.88286356,43.23377262],[-2.88247993,43.23372269],[-2.88219894,43.23376744],[-2.88192846,43.23390672],[-2.88159101,43.23405498],[-2.8812958,43.23426177],[-2.88104057,43.23450912],[-2.88086424,43.23472955],[-2.88029742,43.23545384],[-2.88014794,43.23575083],[-2.87994987,43.23605679],[-2.87974625,43.23626818],[-2.87955924,43.2364211],[-2.87952801,43.23644804],[-2.8792655,43.23667286],[-2.87903566,43.23691575],[-2.87887464,43.23714972],[-2.87872866,43.2373972],[-2.87856182,43.23767615],[-2.87832613,43.23795053],[-2.87808498,43.23823392],[-2.8779457,43.23840937],[-2.87785428,43.23852182],[-2.87756877,43.23885022],[-2.87728869,43.23916505],[-2.87690136,43.23960587],[-2.8764273,43.24011862],[-2.87632733,43.23988441],[-2.87617944,43.23972665],[-2.87575064,43.23937052],[-2.87558339,43.23927577],[-2.87484065,43.23904535],[-2.87480717,43.23903628],[-2.87463061,43.23898207],[-2.87356859,43.23865675],[-2.8730199,43.23839951],[-2.87270316,43.23821905],[-2.87249249,43.23809725],[-2.8723852,43.2380386],[-2.87182709,43.23751571],[-2.87161015,43.23724981],[-2.87149405,43.23701107],[-2.87147697,43.23690298],[-2.8713513,43.23610144],[-2.87120636,43.23564655],[-2.87093478,43.23505638],[-2.87083363,43.23483569],[-2.8699439,43.23388018]]]]}},{"type":"Feature","properties":{"code":"ine-4801505","name":"Basauri · dystrykt 5","city":"basauri","cityName":"Basauri","district":5,"income":16380,"income_prev":15043,"income_year":2023},"geometry":{"type":"MultiPolygon","coordinates":[[[[-2.88154012,43.21714861],[-2.8821577,43.21693761],[-2.88243528,43.21685687],[-2.88290334,43.21674028],[-2.88378156,43.21641252],[-2.88538661,43.21608548],[-2.88561828,43.21606321],[-2.88645874,43.21638822],[-2.88668939,43.21647848],[-2.88793855,43.21696599],[-2.88798555,43.216939],[-2.88807256,43.21690308],[-2.88823345,43.21686721],[-2.88845673,43.21682689],[-2.88871307,43.21676865],[-2.88893401,43.21671483],[-2.88924426,43.21662506],[-2.88993835,43.21642314],[-2.890423,43.21627504],[-2.89061747,43.21620319],[-2.89074701,43.2160547],[-2.89212315,43.21590746],[-2.8925134,43.21583579],[-2.89409062,43.21552661],[-2.89591969,43.21575343],[-2.89842544,43.21627346],[-2.89953363,43.21783225],[-2.89933441,43.2182778],[-2.89943472,43.21948003],[-2.89860097,43.22037975],[-2.89671592,43.22082379],[-2.89631274,43.22102602],[-2.89587702,43.22155239],[-2.89586898,43.22156138],[-2.89568843,43.22179535],[-2.89595215,43.22194416],[-2.89640571,43.22223726],[-2.896794,43.22244918],[-2.89683734,43.22253027],[-2.89686723,43.22261587],[-2.89685744,43.22269239],[-2.89684885,43.22277793],[-2.8968329,43.22285897],[-2.89683436,43.22291747],[-2.89686882,43.22303007],[-2.89688478,43.22313814],[-2.89687155,43.22323267],[-2.89684949,43.22331818],[-2.89681738,43.22341272],[-2.89675523,43.22351173],[-2.89671349,43.22361522],[-2.89670863,43.22375932],[-2.89675648,43.22389891],[-2.89679093,43.22401605],[-2.8976556,43.22512888],[-2.89912462,43.22707969],[-2.90079433,43.2292243],[-2.90093766,43.22957559],[-2.89586863,43.2295846],[-2.89230254,43.22970281],[-2.89203282,43.22990969],[-2.89173447,43.23015704],[-2.89140499,43.23040882],[-2.8912015,43.23057973],[-2.89111669,43.23064718],[-2.8908692,43.23088108],[-2.89052637,43.23106535],[-2.89006722,43.23088481],[-2.88966784,43.23081689],[-2.88922458,43.23078042],[-2.88874059,43.23072142],[-2.88833775,43.23067152],[-2.8880411,43.2306217],[-2.88762141,43.23054475],[-2.88721942,43.23044529],[-2.88683752,43.23031434],[-2.88639221,43.2301338],[-2.88594411,43.2300118],[-2.88556764,43.22986734],[-2.88526553,43.22968694],[-2.88495913,43.22948851],[-2.88438051,43.22920431],[-2.88359795,43.22873074],[-2.8833169,43.22859539],[-2.8829182,43.22838338],[-2.88251861,43.2282569],[-2.88206059,43.22808533],[-2.88160748,43.22799032],[-2.88112899,43.22786826],[-2.88062243,43.22773716],[-2.8802174,43.22763767],[-2.87978473,43.22751115],[-2.87943603,43.22734871],[-2.87895548,43.2271321],[-2.87861734,43.22687961],[-2.87831454,43.22664965],[-2.87803536,43.22634769],[-2.87796984,43.22622155],[-2.87796115,43.22613151],[-2.87781582,43.2258882],[-2.87717151,43.22481146],[-2.87703631,43.22448714],[-2.87673212,43.22401858],[-2.87643067,43.22351849],[-2.87584051,43.22270741],[-2.87573151,43.22256325],[-2.8756391,43.22242804],[-2.87558502,43.22233347],[-2.8755418,43.22220735],[-2.8755166,43.22210376],[-2.87552271,43.2219507],[-2.87552425,43.22193717],[-2.87553907,43.22184265],[-2.87554027,43.22183365],[-2.87554412,43.22181566],[-2.87556743,43.22171211],[-2.87558499,43.22159507],[-2.875631,43.22147805],[-2.87570711,43.22134306],[-2.87579664,43.2212036],[-2.87605163,43.2208842],[-2.87643549,43.22040739],[-2.87663604,43.22016898],[-2.87690529,43.2198316],[-2.87751155,43.21916588],[-2.87793889,43.21883769],[-2.87899654,43.2182895],[-2.87993308,43.21789429],[-2.88050727,43.21762476],[-2.88154012,43.21714861]]]]}},{"type":"Feature","properties":{"code":"ine-4802001","name":"Deusto","city":"bilbao","cityName":"Bilbao","district":1,"income":19397,"income_prev":17817,"income_year":2023},"geometry":{"type":"MultiPolygon","coordinates":[[[[-2.96033933,43.28549026],[-2.96013558,43.28545416],[-2.9594757,43.28558451],[-2.95888971,43.28569685],[-2.95860193,43.28573728],[-2.95848868,43.28575073],[-2.95771708,43.28584951],[-2.95706334,43.2859168],[-2.95626131,43.2860335],[-2.95539722,43.28615025],[-2.95460792,43.286249],[-2.95383629,43.28635222],[-2.95330961,43.28645557],[-2.95327185,43.28652309],[-2.95196115,43.28780119],[-2.95131154,43.28844924],[-2.95101199,43.28874628],[-2.95078147,43.28897577],[-2.95032113,43.28943034],[-2.94991233,43.28909698],[-2.94952005,43.28880865],[-2.9490419,43.28847078],[-2.94859681,43.28819591],[-2.94821293,43.28803367],[-2.94791947,43.28792995],[-2.94780548,43.28791192],[-2.94741731,43.28781267],[-2.94699716,43.28766841],[-2.94702916,43.28762339],[-2.94707041,43.28756488],[-2.94708935,43.28750639],[-2.9471468,43.28741635],[-2.94721318,43.28729031],[-2.94726878,43.28716877],[-2.94734402,43.28703824],[-2.94742272,43.28687623],[-2.94751568,43.28674569],[-2.94768963,43.28649364],[-2.94781149,43.2863406],[-2.94791712,43.28621458],[-2.94798386,43.28611108],[-2.94804942,43.28601654],[-2.94811806,43.28592203],[-2.94818014,43.28582749],[-2.94823222,43.28574199],[-2.94828507,43.28563395],[-2.94836924,43.28547643],[-2.94844248,43.28532336],[-2.94877952,43.28448609],[-2.94888329,43.28428354],[-2.94893041,43.28414399],[-2.94896787,43.28402244],[-2.9489942,43.28388289],[-2.94902934,43.28375234],[-2.94902596,43.28363977],[-2.94903145,43.28355874],[-2.94902153,43.28349119],[-2.94795304,43.28252273],[-2.94730914,43.28195513],[-2.94670681,43.28145058],[-2.94651321,43.28132891],[-2.946405,43.28126585],[-2.94625686,43.28117572],[-2.94618217,43.28111715],[-2.94612982,43.28106312],[-2.94607555,43.28100456],[-2.94602444,43.280946],[-2.94596898,43.28089194],[-2.94591854,43.28084236],[-2.94584274,43.28075231],[-2.94580199,43.28070726],[-2.9457008,43.28059468],[-2.9456292,43.28052258],[-2.94558,43.28047306],[-2.94552569,43.2804325],[-2.9454522,43.28039193],[-2.94539864,43.2803694],[-2.94534243,43.28032884],[-2.94530667,43.28030183],[-2.94527051,43.28025677],[-2.94524586,43.28022076],[-2.94521551,43.28016672],[-2.945199,43.28011717],[-2.94495356,43.28021612],[-2.94487921,43.28023407],[-2.94482485,43.28024756],[-2.94477519,43.28023853],[-2.94469394,43.280207],[-2.9446046,43.28018441],[-2.94452379,43.28015288],[-2.94444174,43.2801258],[-2.94434474,43.28009876],[-2.94427773,43.28006719],[-2.9442192,43.28004016],[-2.94411948,43.2799951],[-2.94404364,43.27995904],[-2.94397285,43.27992297],[-2.94394474,43.27990946],[-2.94388238,43.27987339],[-2.94369555,43.27989584],[-2.94346447,43.27988672],[-2.94306971,43.27986849],[-2.94261299,43.27982326],[-2.9400037,43.27965529],[-2.93983503,43.27964172],[-2.93968564,43.27960111],[-2.93949157,43.27954247],[-2.93927865,43.27947032],[-2.93908575,43.27943872],[-2.93890242,43.27940709],[-2.93874182,43.27935297],[-2.93837876,43.27926724],[-2.93754625,43.27908219],[-2.93714195,43.27899643],[-2.93508564,43.27829291],[-2.93333685,43.27816133],[-2.93351511,43.2775131],[-2.93376235,43.27683788],[-2.93381582,43.27650925],[-2.93390205,43.27623917],[-2.93400787,43.27592857],[-2.93408483,43.27566748],[-2.93412274,43.2754829],[-2.93415306,43.27522629],[-2.9341672,43.27498767],[-2.93413743,43.27477155],[-2.93408707,43.27463646],[-2.93417554,43.27442486],[-2.93424958,43.27429434],[-2.93436453,43.27414585],[-2.93444784,43.27403334],[-2.93458469,43.27388933],[-2.93475402,43.27367335],[-2.93482419,43.27357882],[-2.93489826,43.2734708],[-2.93500585,43.27337633],[-2.9350875,43.27334938],[-2.93516341,43.27328639],[-2.9352498,43.27317387],[-2.93532309,43.27307935],[-2.93535546,43.27302083],[-2.93539404,43.27295332],[-2.93546813,43.2728273],[-2.93549484,43.2727463],[-2.93551489,43.27268326],[-2.93559819,43.27255272],[-2.93569544,43.27236368],[-2.93577729,43.27217465],[-2.93580478,43.2720441],[-2.93596248,43.27153542],[-2.9361645,43.27092324],[-2.93615598,43.27062607],[-2.93617905,43.27031092],[-2.93622105,43.26990575],[-2.93753658,43.26987045],[-2.93800557,43.26985718],[-2.93863757,43.26980801],[-2.9388209,43.26979012],[-2.93931616,43.26974085],[-2.93985767,43.2696691],[-2.9406257,43.26949841],[-2.94083065,43.26943099],[-2.94109949,43.26935459],[-2.94153518,43.26920624],[-2.94200473,43.26905339],[-2.94275476,43.26880164],[-2.94343001,43.26856789],[-2.94400897,43.26837458],[-2.94458753,43.26817676],[-2.94469426,43.26814078],[-2.94512912,43.26799243],[-2.94604706,43.26766421],[-2.95011923,43.26628385],[-2.95081062,43.26605002],[-2.95306395,43.26567732],[-2.95466637,43.26542584],[-2.95542887,43.26534058],[-2.95601416,43.26530033],[-2.95663027,43.26528251],[-2.95700073,43.26530519],[-2.9574489,43.26531884],[-2.95793793,43.26537759],[-2.95838294,43.26546327],[-2.95874409,43.26560745],[-2.95910557,43.2657427],[-2.95944197,43.26590939],[-2.95989998,43.26624271],[-2.96027676,43.26653552],[-2.96073787,43.26684632],[-2.96124283,43.26724721],[-2.96186903,43.26774269],[-2.96230861,43.268085],[-2.96287551,43.26855342],[-2.96342704,43.26902637],[-2.96381379,43.26941369],[-2.96416594,43.26976047],[-2.96443804,43.27002619],[-2.96454312,43.27012528],[-2.96477701,43.27047202],[-2.96498212,43.27076923],[-2.96512176,43.27098993],[-2.96522448,43.27116102],[-2.96537341,43.2714177],[-2.96554108,43.27173742],[-2.96575539,43.27210668],[-2.96592308,43.2724489],[-2.96613746,43.27270559],[-2.96639844,43.27298034],[-2.96674328,43.2733406],[-2.96697607,43.27363334],[-2.96738636,43.27406116],[-2.96767776,43.27431337],[-2.9677586,43.27442148],[-2.96807878,43.27484478],[-2.9683955,43.2753356],[-2.96864984,43.2757634],[-2.96888878,43.27620022],[-2.96893915,43.27632178],[-2.96905954,43.27660994],[-2.96914913,43.27692063],[-2.96920175,43.27719076],[-2.9692324,43.27745642],[-2.96920259,43.27780309],[-2.96919089,43.27806424],[-2.96915606,43.27836589],[-2.96912163,43.27870355],[-2.96909833,43.27904571],[-2.96906383,43.2794329],[-2.96900631,43.27976154],[-2.96893095,43.28022529],[-2.96893814,43.28053142],[-2.96886282,43.2808556],[-2.96877213,43.28120224],[-2.96867221,43.28149487],[-2.96852832,43.28191353],[-2.96840953,43.28229169],[-2.96826256,43.28269234],[-2.96811869,43.28304799],[-2.96793898,43.28347565],[-2.96788105,43.28370976],[-2.96786218,43.28378179],[-2.96778383,43.28406093],[-2.96776474,43.28444363],[-2.96775803,43.28470476],[-2.96774825,43.2849524],[-2.96778242,43.28517299],[-2.96785047,43.28546568],[-2.96793083,43.2856728],[-2.96801165,43.28588892],[-2.96810784,43.28605554],[-2.96819787,43.28621764],[-2.96834379,43.28639328],[-2.9684958,43.28659592],[-2.96869178,43.28680307],[-2.96896819,43.28713185],[-2.97135964,43.28998693],[-2.97136999,43.29002747],[-2.97112654,43.29009042],[-2.97089232,43.29009937],[-2.97066389,43.29009482],[-2.9704786,43.29007677],[-2.97027523,43.29006318],[-2.97006531,43.29002263],[-2.96988619,43.28997304],[-2.96973216,43.28990997],[-2.96959,43.2898604],[-2.9694483,43.28980632],[-2.969337,43.28974776],[-2.96918872,43.28968018],[-2.96904082,43.28960361],[-2.96889874,43.28950904],[-2.96875091,43.28943697],[-2.96860258,43.28936939],[-2.96846052,43.28929728],[-2.96830027,43.28922971],[-2.96812117,43.28915312],[-2.96761516,43.28892338],[-2.96726971,43.28877018],[-2.96692389,43.28862153],[-2.96652917,43.28847283],[-2.96611553,43.28830161],[-2.96565915,43.28813935],[-2.96507878,43.28787356],[-2.96478882,43.2877564],[-2.96451119,43.28761225],[-2.96433829,43.28749063],[-2.96414075,43.28736449],[-2.96393091,43.28721586],[-2.96371489,43.28708973],[-2.9635297,43.28693207],[-2.96337534,43.28677895],[-2.96318398,43.28664382],[-2.96294335,43.28648618],[-2.96261639,43.28632397],[-2.96212272,43.28612571],[-2.96157972,43.28592741],[-2.96095625,43.28568858],[-2.96059848,43.28556239],[-2.96033933,43.28549026]]]]}},{"type":"Feature","properties":{"code":"ine-4802002","name":"Uribarri","city":"bilbao","cityName":"Bilbao","district":2,"income":18320,"income_prev":16615,"income_year":2023},"geometry":{"type":"MultiPolygon","coordinates":[[[[-2.91300264,43.28581498],[-2.91255044,43.2855265],[-2.91220044,43.28569731],[-2.9120385,43.28580073],[-2.91177399,43.28599413],[-2.91155217,43.28598046],[-2.91141119,43.28597135],[-2.91095869,43.28588996],[-2.91078044,43.28584479],[-2.91061373,43.28577262],[-2.91045591,43.28570496],[-2.91028308,43.2856373],[-2.91011485,43.28557413],[-2.90990505,43.28551093],[-2.90967593,43.28544772],[-2.90969867,43.2854162],[-2.90881624,43.28461859],[-2.90901094,43.28450169],[-2.90916021,43.28438024],[-2.90929378,43.28419125],[-2.90937871,43.28404726],[-2.90940592,43.28390321],[-2.90938345,43.2837186],[-2.90933778,43.2836015],[-2.90941721,43.28355652],[-2.90954333,43.28347109],[-2.90965392,43.28339915],[-2.90978745,43.28323713],[-2.90983731,43.28311562],[-2.90985403,43.28300311],[-2.90984693,43.2828545],[-2.90983247,43.28273743],[-2.90978955,43.28260683],[-2.90885382,43.28296628],[-2.90860616,43.28268695],[-2.90819835,43.28287572],[-2.90817189,43.28281717],[-2.90809078,43.28272253],[-2.90797879,43.28265041],[-2.90789378,43.2825783],[-2.90780685,43.28250621],[-2.90770528,43.28243409],[-2.90760137,43.28237997],[-2.90751673,43.28229887],[-2.90742091,43.28223126],[-2.90733704,43.28217266],[-2.90719854,43.28210502],[-2.90704218,43.28208235],[-2.90683801,43.28206868],[-2.90662163,43.28204151],[-2.90637475,43.28203227],[-2.90624689,43.28202317],[-2.90611165,43.28203205],[-2.90600267,43.28202296],[-2.90591798,43.28200489],[-2.90585638,43.28197784],[-2.90586256,43.28196879],[-2.90587009,43.28185179],[-2.9058934,43.28170769],[-2.90589656,43.28165819],[-2.90582022,43.28169415],[-2.90500116,43.2813468],[-2.90479493,43.28123857],[-2.90472948,43.28120703],[-2.90468639,43.28117094],[-2.90462212,43.28111235],[-2.90459337,43.2810493],[-2.90455459,43.28097273],[-2.90452889,43.28089618],[-2.90453555,43.28083315],[-2.90341609,43.28047651],[-2.90323839,43.28055739],[-2.90337344,43.28042694],[-2.90333728,43.28037291],[-2.90327303,43.28031432],[-2.90319343,43.28023319],[-2.90314391,43.28014761],[-2.90312743,43.28010258],[-2.90307397,43.28003497],[-2.90300356,43.27999443],[-2.90286773,43.27993578],[-2.90274375,43.27988614],[-2.90249936,43.2797959],[-2.90235464,43.27972824],[-2.90222686,43.2796651],[-2.90213306,43.27959295],[-2.90204151,43.27949384],[-2.90192307,43.27937667],[-2.90169573,43.27920088],[-2.90144183,43.27900256],[-2.90124991,43.27884483],[-2.90109603,43.27875913],[-2.90091821,43.27867792],[-2.90064341,43.27854264],[-2.90033482,43.2783848],[-2.90010001,43.27830803],[-2.89931962,43.27788414],[-2.8991538,43.27778493],[-2.89875445,43.27754144],[-2.8987056,43.2775009],[-2.89878693,43.27723984],[-2.89897511,43.27708241],[-2.899134,43.27694299],[-2.89937391,43.27674508],[-2.89958029,43.27656518],[-2.89964196,43.2764977],[-2.89976087,43.27634024],[-2.89990978,43.27617826],[-2.90014109,43.27581831],[-2.9003978,43.27545384],[-2.90066297,43.27506688],[-2.90080203,43.27483737],[-2.90086658,43.27471138],[-2.9012991,43.27372124],[-2.90176746,43.27228989],[-2.90208681,43.27099801],[-2.90206877,43.27097999],[-2.90193333,43.27089884],[-2.90168114,43.27087159],[-2.90288034,43.27061599],[-2.90520364,43.27010918],[-2.90650492,43.26983113],[-2.90676588,43.26966024],[-2.90692361,43.26952981],[-2.90699803,43.26943534],[-2.90706442,43.26932733],[-2.90710619,43.26921031],[-2.90712686,43.26906174],[-2.90707379,43.26875104],[-2.9070617,43.26860246],[-2.90708652,43.26847642],[-2.90716963,43.26830987],[-2.90729428,43.26810737],[-2.9074433,43.26785988],[-2.90750177,43.26765283],[-2.90746063,43.26735561],[-2.9073866,43.26718451],[-2.90731629,43.26704934],[-2.90725879,43.26689173],[-2.90724633,43.26672063],[-2.90725925,43.26659457],[-2.90732874,43.26645056],[-2.90735971,43.26638305],[-2.90741793,43.26632906],[-2.90764113,43.26615818],[-2.90788095,43.26596928],[-2.90804593,43.26584335],[-2.90817191,43.26581191],[-2.9082983,43.26573549],[-2.90833846,43.26567698],[-2.90837868,43.26554645],[-2.9083467,43.26530329],[-2.90820745,43.26498801],[-2.90813749,43.26487993],[-2.90790424,43.26433044],[-2.9077942,43.26427182],[-2.90765984,43.26424471],[-2.90759396,43.26426266],[-2.90698718,43.26447376],[-2.90666098,43.26451853],[-2.90638663,43.26466237],[-2.90608786,43.26486472],[-2.90596991,43.26493215],[-2.90586791,43.26494558],[-2.9058198,43.26490953],[-2.90578176,43.26486446],[-2.90581998,43.26479246],[-2.90600608,43.26471609],[-2.90616029,43.26459914],[-2.9068056,43.26411345],[-2.90697199,43.26385245],[-2.90708847,43.26372198],[-2.90718694,43.26353746],[-2.9071694,43.26317725],[-2.90724545,43.26305574],[-2.90731367,43.26299727],[-2.9074177,43.26294782],[-2.90753597,43.26290292],[-2.90784635,43.26287163],[-2.90797846,43.26284924],[-2.9080968,43.26279081],[-2.90816465,43.26272783],[-2.90823107,43.26261081],[-2.90839346,43.26242185],[-2.90860965,43.26229595],[-2.90974284,43.26177008],[-2.91140496,43.26103754],[-2.9115452,43.26097462],[-2.91206278,43.26012856],[-2.91218091,43.25990805],[-2.91227196,43.25976858],[-2.91230609,43.25961548],[-2.91231748,43.25944893],[-2.91233336,43.25912027],[-2.9122041,43.25880051],[-2.91201422,43.25855723],[-2.91191538,43.25847156],[-2.91205903,43.2584582],[-2.91218332,43.25849433],[-2.91236761,43.25860704],[-2.91270099,43.25887742],[-2.91288782,43.25884153],[-2.91296381,43.25874256],[-2.91322508,43.25912096],[-2.91327527,43.25926056],[-2.91335522,43.25939569],[-2.91362955,43.25976962],[-2.91523869,43.2613286],[-2.91575206,43.26182425],[-2.91630262,43.26240995],[-2.91695143,43.26322086],[-2.91703389,43.26348655],[-2.91703889,43.26373868],[-2.9169989,43.26400878],[-2.91695963,43.26429239],[-2.91732371,43.26468435],[-2.91765735,43.26484219],[-2.91779821,43.26488283],[-2.91811272,43.26493705],[-2.91843159,43.26495982],[-2.91906533,43.26495126],[-2.91959442,43.26494711],[-2.9202887,43.2649431],[-2.92083936,43.26492099],[-2.92111441,43.26481311],[-2.92151994,43.26450276],[-2.92167251,43.2644218],[-2.92193159,43.26444451],[-2.92205817,43.26457067],[-2.92205254,43.26474173],[-2.92193106,43.26485421],[-2.92162792,43.26495305],[-2.92083585,43.26524515],[-2.92079373,43.26536219],[-2.92083558,43.26545223],[-2.92096142,43.26551537],[-2.92105924,43.26551543],[-2.92147756,43.26538066],[-2.9221976,43.26513352],[-2.92234668,43.2650571],[-2.92252009,43.26494465],[-2.92265817,43.26481417],[-2.9227326,43.26468366],[-2.92274684,43.26442254],[-2.92276097,43.26420195],[-2.92286363,43.26400392],[-2.92299405,43.26380141],[-2.92314595,43.26364841],[-2.92383108,43.26324368],[-2.92387713,43.26334724],[-2.92399747,43.26349142],[-2.92575935,43.26484778],[-2.92841882,43.26689804],[-2.92848806,43.26695212],[-2.93012548,43.26821826],[-2.93124046,43.26907891],[-2.93152486,43.26922766],[-2.93179698,43.26934937],[-2.93192936,43.26940799],[-2.93231972,43.26954329],[-2.93272087,43.26964709],[-2.93359365,43.26979167],[-2.93622105,43.26990575],[-2.93617905,43.27031092],[-2.93615598,43.27062607],[-2.9361645,43.27092324],[-2.93596248,43.27153542],[-2.93580478,43.2720441],[-2.93577729,43.27217465],[-2.93569544,43.27236368],[-2.93559819,43.27255272],[-2.93551489,43.27268326],[-2.93549484,43.2727463],[-2.93546813,43.2728273],[-2.93539404,43.27295332],[-2.93535546,43.27302083],[-2.93532309,43.27307935],[-2.9352498,43.27317387],[-2.93516341,43.27328639],[-2.9350875,43.27334938],[-2.93500585,43.27337633],[-2.93489826,43.2734708],[-2.93482419,43.27357882],[-2.93475402,43.27367335],[-2.93458469,43.27388933],[-2.93444784,43.27403334],[-2.93436453,43.27414585],[-2.93424958,43.27429434],[-2.93417554,43.27442486],[-2.93408707,43.27463646],[-2.93413743,43.27477155],[-2.9341672,43.27498767],[-2.93415306,43.27522629],[-2.93412274,43.2754829],[-2.93408483,43.27566748],[-2.93400787,43.27592857],[-2.93390205,43.27623917],[-2.93381582,43.27650925],[-2.93376235,43.27683788],[-2.93351511,43.2775131],[-2.93333685,43.27816133],[-2.93324751,43.27815228],[-2.92978845,43.27822222],[-2.92886165,43.27767234],[-2.92880162,43.27763631],[-2.92872696,43.27759121],[-2.92865419,43.2775732],[-2.92859027,43.27758214],[-2.92852396,43.2776091],[-2.92846464,43.27764958],[-2.92840912,43.27768556],[-2.92837409,43.27770809],[-2.92829245,43.27764947],[-2.92815045,43.27756383],[-2.92807387,43.27751878],[-2.92793722,43.27743762],[-2.92782256,43.27736552],[-2.92771055,43.27732495],[-2.92757618,43.27727083],[-2.92742024,43.2772302],[-2.92732744,43.27720314],[-2.92720886,43.27716253],[-2.92709112,43.27712196],[-2.92486641,43.2763146],[-2.92470126,43.27625595],[-2.92432667,43.27611612],[-2.92395442,43.27600781],[-2.92376006,43.27591764],[-2.92353214,43.27582292],[-2.92330972,43.27566971],[-2.92258073,43.27532705],[-2.92228239,43.27521878],[-2.92001344,43.27451484],[-2.919237,43.27423516],[-2.91857261,43.27402756],[-2.9179255,43.27381099],[-2.91746465,43.27483719],[-2.91735179,43.27512073],[-2.9170747,43.27583192],[-2.91697932,43.27603445],[-2.91670292,43.27678161],[-2.91582409,43.27868095],[-2.91517866,43.27945037],[-2.91513769,43.27954037],[-2.91516686,43.27962146],[-2.91530212,43.27982866],[-2.91529805,43.27999072],[-2.91500872,43.2803237],[-2.91496611,43.28052627],[-2.91505505,43.28082344],[-2.91653005,43.28257598],[-2.91656119,43.28262104],[-2.9165896,43.28270209],[-2.916544,43.28278309],[-2.91645876,43.28287306],[-2.91639166,43.28294508],[-2.91601675,43.2833365],[-2.91595617,43.28339049],[-2.91591142,43.28343995],[-2.91580699,43.2835074],[-2.91571676,43.28353437],[-2.91559654,43.28358382],[-2.91551869,43.28361526],[-2.9154262,43.28366022],[-2.91533371,43.28369165],[-2.91521147,43.28377263],[-2.91511166,43.28380855],[-2.91502687,43.28386252],[-2.91488113,43.28395695],[-2.91475196,43.2840469],[-2.91465253,43.28410537],[-2.91456035,43.28416384],[-2.91434648,43.28424021],[-2.9141053,43.28430306],[-2.91387677,43.28437942],[-2.91367558,43.2844468],[-2.91344823,43.28452766],[-2.91309289,43.28467599],[-2.91300964,43.28470742],[-2.91288819,43.28476136],[-2.91279993,43.28480631],[-2.91276058,43.28485578],[-2.91283021,43.28491888],[-2.91287944,43.28495046],[-2.91292987,43.28499103],[-2.91300146,43.28502706],[-2.91305917,43.28505866],[-2.91314776,43.28508573],[-2.9132259,43.28511278],[-2.91328287,43.28513086],[-2.91339261,43.28514444],[-2.91347122,43.2851625],[-2.91355472,43.2851851],[-2.9136464,43.28518517],[-2.91376928,43.28519427],[-2.91391836,43.28520338],[-2.91400962,43.28521694],[-2.91412128,43.28522153],[-2.9142657,43.28524418],[-2.91437161,43.28524876],[-2.9144899,43.28524885],[-2.91469673,43.285267],[-2.91476953,43.28526705],[-2.91487428,43.28527613],[-2.91495669,43.28526719],[-2.91506186,43.28526277],[-2.91513774,43.28525833],[-2.91524143,43.28523136],[-2.91535779,43.28520896],[-2.91537041,43.28524047],[-2.91537345,43.28527201],[-2.91536689,43.28532602],[-2.91536798,43.28535303],[-2.91536636,43.28539357],[-2.91536516,43.28542056],[-2.91536245,43.2854521],[-2.91537008,43.2854791],[-2.91537817,43.28550614],[-2.91538084,43.28552864],[-2.91539502,43.28555115],[-2.91540963,43.28557819],[-2.91544075,43.28562775],[-2.91545228,43.28565026],[-2.91545074,43.28567276],[-2.91544108,43.28568625],[-2.91542987,43.28571778],[-2.91542828,43.28574478],[-2.91543406,43.28576281],[-2.91542285,43.2857808],[-2.9154132,43.28580329],[-2.91540584,43.28583033],[-2.91539923,43.28586632],[-2.91538532,43.28589785],[-2.91536603,43.28593832],[-2.91534941,43.28596535],[-2.91535206,43.28599685],[-2.91534815,43.28603288],[-2.91531651,43.28605985],[-2.91529223,43.28609137],[-2.91529447,43.28611387],[-2.91525746,43.28614988],[-2.91522971,43.28617686],[-2.91520652,43.28622187],[-2.91518295,43.28624886],[-2.91516249,43.28629387],[-2.91515054,43.28632086],[-2.91515663,43.2863569],[-2.91518125,43.2863839],[-2.91517735,43.28642895],[-2.91516149,43.28646945],[-2.91516642,43.28651897],[-2.91517323,43.28661355],[-2.91456869,43.28644649],[-2.91417911,43.28629763],[-2.91388535,43.28618484],[-2.91358469,43.28606305],[-2.91320278,43.28593219],[-2.91300264,43.28581498]],[[-2.90902852,43.28204796],[-2.90818717,43.28189868],[-2.90814545,43.28197522],[-2.90809718,43.28205171],[-2.90809016,43.28211474],[-2.90812427,43.28222729],[-2.90948984,43.28239049],[-2.90949705,43.2821924],[-2.90936611,43.28218329],[-2.90923519,43.28215615],[-2.90913162,43.28214256],[-2.90906962,43.28210653],[-2.90902852,43.28204796]]]]}},{"type":"Feature","properties":{"code":"ine-4802003","name":"Otxarkoaga-Txurdinaga","city":"bilbao","cityName":"Bilbao","district":3,"income":15771,"income_prev":14430,"income_year":2023},"geometry":{"type":"MultiPolygon","coordinates":[[[[-2.8802552,43.26523216],[-2.87950441,43.26480819],[-2.87894212,43.26449243],[-2.87852712,43.26426235],[-2.87807401,43.26400526],[-2.87695092,43.26337824],[-2.87666096,43.26321583],[-2.87691648,43.26329263],[-2.87738323,43.26343724],[-2.87791387,43.26360437],[-2.8786443,43.26381223],[-2.87956594,43.26407884],[-2.87983101,43.26244932],[-2.88134063,43.26132984],[-2.88224679,43.26065992],[-2.88233652,43.26043491],[-2.8825584,43.25980931],[-2.88281894,43.25964747],[-2.88288149,43.25957101],[-2.88294482,43.25949454],[-2.88302228,43.25943158],[-2.88309356,43.25939563],[-2.88317342,43.25932817],[-2.88326247,43.25926073],[-2.88335772,43.2591978],[-2.88343518,43.25914834],[-2.88478628,43.25912722],[-2.88476788,43.25906417],[-2.88476614,43.25896963],[-2.88478291,43.25885258],[-2.88472586,43.25870846],[-2.88469569,43.25856883],[-2.88469717,43.25637171],[-2.88494026,43.25608832],[-2.88506939,43.25601637],[-2.88548392,43.25586374],[-2.88574469,43.25579197],[-2.88591457,43.25575161],[-2.88606979,43.25570676],[-2.88619651,43.25567535],[-2.88631093,43.25563497],[-2.88642932,43.25555402],[-2.88657651,43.25547313],[-2.88673183,43.25539226],[-2.88683124,43.25533832],[-2.88692067,43.25526638],[-2.88702866,43.25517192],[-2.88716595,43.25504599],[-2.88728631,43.25493357],[-2.88738962,43.25484361],[-2.8875223,43.25472667],[-2.88763642,43.25463224],[-2.88775977,43.25456484],[-2.88787574,43.25450642],[-2.88802447,43.25443904],[-2.888179,43.25434912],[-2.88836089,43.25424125],[-2.88854367,43.25411088],[-2.8888023,43.25393554],[-2.88971779,43.25331057],[-2.88981064,43.25347728],[-2.89013631,43.25371618],[-2.89038626,43.25386054],[-2.89064864,43.25398234],[-2.89091023,43.25409514],[-2.8911126,43.25416738],[-2.89128997,43.25422157],[-2.89147891,43.25427578],[-2.89183368,43.25437069],[-2.89206923,43.25442041],[-2.89230481,43.25446117],[-2.89252995,43.25448388],[-2.89280212,43.25449769],[-2.89306544,43.25449342],[-2.89324917,43.25447555],[-2.89339624,43.25444869],[-2.89342163,43.25444422],[-2.89359267,43.25439934],[-2.89378256,43.25434099],[-2.89452953,43.25408505],[-2.89586354,43.25361804],[-2.8969587,43.25324534],[-2.89728925,43.25310607],[-2.89737396,43.25307014],[-2.89781057,43.25283192],[-2.89884185,43.25219351],[-2.89979833,43.25161805],[-2.90056171,43.25113696],[-2.90094791,43.25086716],[-2.90224459,43.25008939],[-2.90247736,43.24994548],[-2.90277214,43.24977017],[-2.90322753,43.24954095],[-2.90354872,43.24944666],[-2.90393417,43.24938846],[-2.90406276,43.24937503],[-2.90420443,43.24937065],[-2.90441614,43.24939336],[-2.90469707,43.2494296],[-2.9049564,43.24950638],[-2.90518379,43.24958759],[-2.9054192,43.24970487],[-2.90561416,43.2498356],[-2.90584058,43.25005188],[-2.90722441,43.25165585],[-2.90722831,43.25166072],[-2.90772659,43.25228209],[-2.90793644,43.25251639],[-2.90826004,43.2528858],[-2.90911515,43.2538545],[-2.90998038,43.25480968],[-2.91018018,43.25504848],[-2.91073794,43.25567924],[-2.91112422,43.25609825],[-2.91135944,43.25634606],[-2.91163929,43.25664345],[-2.91245852,43.25750401],[-2.91261604,43.25775626],[-2.91280037,43.25834618],[-2.91296381,43.25874256],[-2.91288782,43.25884153],[-2.91270099,43.25887742],[-2.91236761,43.25860704],[-2.91218332,43.25849433],[-2.91205903,43.2584582],[-2.91191538,43.25847156],[-2.91201422,43.25855723],[-2.9122041,43.25880051],[-2.91233336,43.25912027],[-2.91231748,43.25944893],[-2.91230609,43.25961548],[-2.91227196,43.25976858],[-2.91218091,43.25990805],[-2.91206278,43.26012856],[-2.9115452,43.26097462],[-2.91140496,43.26103754],[-2.90974284,43.26177008],[-2.90860965,43.26229595],[-2.90839346,43.26242185],[-2.90823107,43.26261081],[-2.90816465,43.26272783],[-2.9080968,43.26279081],[-2.90797846,43.26284924],[-2.90784635,43.26287163],[-2.90753597,43.26290292],[-2.9074177,43.26294782],[-2.90731367,43.26299727],[-2.90724545,43.26305574],[-2.9071694,43.26317725],[-2.90718694,43.26353746],[-2.90708847,43.26372198],[-2.90697199,43.26385245],[-2.9068056,43.26411345],[-2.90616029,43.26459914],[-2.90600608,43.26471609],[-2.90581998,43.26479246],[-2.90578176,43.26486446],[-2.9058198,43.26490953],[-2.90586791,43.26494558],[-2.90596991,43.26493215],[-2.90608786,43.26486472],[-2.90638663,43.26466237],[-2.90666098,43.26451853],[-2.90698718,43.26447376],[-2.90759396,43.26426266],[-2.90765984,43.26424471],[-2.9077942,43.26427182],[-2.90790424,43.26433044],[-2.90813749,43.26487993],[-2.90820745,43.26498801],[-2.9083467,43.26530329],[-2.90837868,43.26554645],[-2.90833846,43.26567698],[-2.9082983,43.26573549],[-2.90817191,43.26581191],[-2.90804593,43.26584335],[-2.90788095,43.26596928],[-2.90764113,43.26615818],[-2.90741793,43.26632906],[-2.90735971,43.26638305],[-2.90732874,43.26645056],[-2.90725925,43.26659457],[-2.90724633,43.26672063],[-2.90725879,43.26689173],[-2.90731629,43.26704934],[-2.9073866,43.26718451],[-2.90746063,43.26735561],[-2.90750177,43.26765283],[-2.9074433,43.26785988],[-2.90729428,43.26810737],[-2.90716963,43.26830987],[-2.90708652,43.26847642],[-2.9070617,43.26860246],[-2.90707379,43.26875104],[-2.90712686,43.26906174],[-2.90710619,43.26921031],[-2.90706442,43.26932733],[-2.90699803,43.26943534],[-2.90692361,43.26952981],[-2.90676588,43.26966024],[-2.90650492,43.26983113],[-2.90520364,43.27010918],[-2.90288034,43.27061599],[-2.90168114,43.27087159],[-2.90075437,43.27078074],[-2.90067167,43.27073113],[-2.89844713,43.270405],[-2.89736141,43.27025998],[-2.8956843,43.27006486],[-2.89434252,43.26991502],[-2.89335807,43.26980157],[-2.89281579,43.26963447],[-2.89233278,43.26947645],[-2.89183749,43.26928688],[-2.89120406,43.26905664],[-2.89036707,43.26874067],[-2.88961278,43.26847432],[-2.88927568,43.26835242],[-2.88884966,43.26820344],[-2.88853177,43.26810406],[-2.88830362,43.26800031],[-2.88812436,43.26791007],[-2.88803353,43.26786948],[-2.88790573,43.26784232],[-2.88771371,43.26778809],[-2.88743817,43.26771129],[-2.88724229,43.26762556],[-2.88703223,43.26752629],[-2.88689224,43.2674361],[-2.88672182,43.26735492],[-2.88644861,43.26722404],[-2.88625818,43.26712932],[-2.88599538,43.26701649],[-2.88588117,43.26696234],[-2.88571804,43.26689465],[-2.88554678,43.26683144],[-2.88517704,43.26666451],[-2.88493278,43.26652019],[-2.88428113,43.26619534],[-2.88382101,43.26595627],[-2.88349979,43.26581182],[-2.88328578,43.26575312],[-2.88311106,43.26570791],[-2.88292281,43.26567618],[-2.88266453,43.26563542],[-2.88240591,43.26556312],[-2.88155749,43.26543617],[-2.88051962,43.26530452],[-2.8802552,43.26523216]]]]}},{"type":"Feature","properties":{"code":"ine-4802004","name":"Begoña","city":"bilbao","cityName":"Bilbao","district":4,"income":16677,"income_prev":15296,"income_year":2023},"geometry":{"type":"MultiPolygon","coordinates":[[[[-2.91523869,43.2613286],[-2.91362955,43.25976962],[-2.91335522,43.25939569],[-2.91327527,43.25926056],[-2.91322508,43.25912096],[-2.91296381,43.25874256],[-2.91280037,43.25834618],[-2.91261604,43.25775626],[-2.91245852,43.25750401],[-2.91163929,43.25664345],[-2.91135944,43.25634606],[-2.91112422,43.25609825],[-2.91073794,43.25567924],[-2.91018018,43.25504848],[-2.90998038,43.25480968],[-2.90911515,43.2538545],[-2.90826004,43.2528858],[-2.90793644,43.25251639],[-2.90772659,43.25228209],[-2.90722831,43.25166072],[-2.90722441,43.25165585],[-2.90584058,43.25005188],[-2.90561416,43.2498356],[-2.9054192,43.24970487],[-2.90518379,43.24958759],[-2.9049564,43.24950638],[-2.90469707,43.2494296],[-2.90441614,43.24939336],[-2.90420443,43.24937065],[-2.90406276,43.24937503],[-2.90393417,43.24938846],[-2.90354872,43.24944666],[-2.90322753,43.24954095],[-2.90277214,43.24977017],[-2.90247736,43.24994548],[-2.90224459,43.25008939],[-2.90094791,43.25086716],[-2.90056171,43.25113696],[-2.89979833,43.25161805],[-2.89884185,43.25219351],[-2.89781057,43.25283192],[-2.89737396,43.25307014],[-2.89728925,43.25310607],[-2.8969587,43.25324534],[-2.89586354,43.25361804],[-2.89452953,43.25408505],[-2.89378256,43.25434099],[-2.89359267,43.25439934],[-2.89342163,43.25444422],[-2.89339624,43.25444869],[-2.89324917,43.25447555],[-2.89306544,43.25449342],[-2.89280212,43.25449769],[-2.89252995,43.25448388],[-2.89230481,43.25446117],[-2.89206923,43.25442041],[-2.89183368,43.25437069],[-2.89147891,43.25427578],[-2.89128997,43.25422157],[-2.8911126,43.25416738],[-2.89091023,43.25409514],[-2.89064864,43.25398234],[-2.89038626,43.25386054],[-2.89013631,43.25371618],[-2.88981064,43.25347728],[-2.88971779,43.25331057],[-2.8904629,43.25280705],[-2.89091705,43.25330725],[-2.89094471,43.25332977],[-2.89101124,43.25337037],[-2.89114087,43.25343353],[-2.89135397,43.25351026],[-2.89149135,43.25355543],[-2.89164065,43.25359161],[-2.89183774,43.25362329],[-2.89201751,43.25365046],[-2.89222306,43.25366869],[-2.89244471,43.2536914],[-2.89266878,43.25370961],[-2.89287586,43.25371879],[-2.89313031,43.25372808],[-2.89340865,43.25373284],[-2.89360498,43.25373752],[-2.89371743,43.25372413],[-2.89385068,43.25370622],[-2.89401319,43.25366137],[-2.8942559,43.25358053],[-2.89452283,43.25349975],[-2.89475473,43.25340991],[-2.89500362,43.25331109],[-2.89520165,43.25322124],[-2.89539892,43.25312235],[-2.89550838,43.25305492],[-2.89567297,43.25294701],[-2.89586916,43.25280312],[-2.89602944,43.25273123],[-2.89619523,43.25260082],[-2.89637407,43.25247491],[-2.89660769,43.25227253],[-2.89673684,43.25217358],[-2.89698932,43.25197571],[-2.8971,43.25187228],[-2.89721686,43.25175532],[-2.89743817,43.25154842],[-2.89754886,43.25142695],[-2.89764107,43.25130547],[-2.89773329,43.25118397],[-2.89783787,43.25103551],[-2.89793002,43.25093653],[-2.89810833,43.25068455],[-2.89819436,43.25054957],[-2.89826154,43.25043256],[-2.8983476,43.25031107],[-2.89853552,43.2500591],[-2.89989639,43.24864658],[-2.90020253,43.24835872],[-2.90039835,43.24817879],[-2.90055178,43.24805736],[-2.90071094,43.24795395],[-2.90091286,43.24783254],[-2.90111517,43.24770665],[-2.9012866,43.24760778],[-2.90153794,43.2474144],[-2.90162963,43.24733795],[-2.90173988,43.24724796],[-2.90199124,43.24703208],[-2.90207066,43.24695109],[-2.90220521,43.24683866],[-2.90235854,43.24672622],[-2.90256048,43.24659133],[-2.90277516,43.24644295],[-2.90291581,43.2463575],[-2.90316087,43.24620015],[-2.9033693,43.24606526],[-2.90360209,43.24591235],[-2.90382249,43.24577748],[-2.90396965,43.24569655],[-2.90411063,43.24562465],[-2.90424507,43.24557073],[-2.90436797,43.2455123],[-2.90448427,43.2454809],[-2.90463135,43.24544049],[-2.90480924,43.24541814],[-2.90500562,43.24539577],[-2.90518961,43.24538692],[-2.90536707,43.24538257],[-2.90554491,43.24538272],[-2.90583597,43.24536046],[-2.90624175,43.24530676],[-2.90639229,43.24528439],[-2.90657941,43.24525749],[-2.90688275,43.24525326],[-2.90723954,43.24527154],[-2.90771842,43.24525842],[-2.90803942,43.2452767],[-2.90837049,43.245286],[-2.90864336,43.24531322],[-2.90893621,43.24536749],[-2.90923715,43.24541726],[-2.90969091,43.24548516],[-2.91010802,43.24556202],[-2.91050716,43.24562087],[-2.91090584,43.24567972],[-2.91122486,43.2457475],[-2.91147619,43.24577469],[-2.91173983,43.2457929],[-2.9119669,43.24581111],[-2.91221864,43.2458293],[-2.91246384,43.24583847],[-2.91267555,43.24583416],[-2.9128195,43.24583427],[-2.91302196,43.24582992],[-2.91329763,43.24582115],[-2.91356136,43.2457853],[-2.91380661,43.24575399],[-2.9140276,43.24571812],[-2.91424827,43.24567329],[-2.91445048,43.2456149],[-2.91460983,43.24557899],[-2.91496534,43.24545769],[-2.9151244,43.24537676],[-2.91525925,43.24530033],[-2.91550431,43.24512943],[-2.91559016,43.24510699],[-2.91566342,43.24500348],[-2.91576748,43.24490903],[-2.91585928,43.24480552],[-2.91590829,43.24470199],[-2.91600006,43.24459853],[-2.91612225,43.24445906],[-2.91625716,43.24434659],[-2.91636738,43.24425662],[-2.91648951,43.24415316],[-2.91662443,43.24404069],[-2.91693688,43.24382482],[-2.91734095,43.24360449],[-2.91756131,43.24346958],[-2.91777588,43.24336167],[-2.92066885,43.24195449],[-2.92064733,43.24191848],[-2.92094183,43.24189615],[-2.92132648,43.24180189],[-2.92185198,43.24173022],[-2.92238124,43.24174408],[-2.92280721,43.24183894],[-2.9231042,43.24194717],[-2.92336386,43.24207791],[-2.92367501,43.24226272],[-2.92383693,43.2423709],[-2.9240361,43.24254213],[-2.92420219,43.24270431],[-2.92436597,43.24287102],[-2.92452463,43.24312776],[-2.92466363,43.24338898],[-2.92472926,43.24355109],[-2.92471748,43.24373568],[-2.92469669,43.24406434],[-2.92450586,43.24428034],[-2.92427813,43.24446929],[-2.9240212,43.24460418],[-2.92350947,43.2447479],[-2.92278909,43.24486447],[-2.92264999,43.24499044],[-2.92240497,43.24515236],[-2.92214918,43.24530526],[-2.92179093,43.2454761],[-2.92136648,43.24571894],[-2.92112872,43.24592587],[-2.92089812,43.24619138],[-2.92081233,43.24643442],[-2.92076046,43.24666851],[-2.92073353,43.24696564],[-2.92073857,43.24720426],[-2.92074745,43.24750592],[-2.92084872,43.24778064],[-2.92089451,43.2479605],[-2.92140137,43.24995115],[-2.92143772,43.25013128],[-2.92145359,43.25035642],[-2.92152519,43.2506491],[-2.92155054,43.25072282],[-2.92051425,43.25135471],[-2.91913032,43.25092205],[-2.91884148,43.25100293],[-2.91805925,43.25127698],[-2.91811374,43.25139859],[-2.91813923,43.2516102],[-2.91806929,43.25180375],[-2.91795202,43.25199277],[-2.91780206,43.25213222],[-2.91770681,43.25227176],[-2.91769646,43.25229422],[-2.91764461,43.25240678],[-2.91758238,43.25260033],[-2.91749049,43.25278487],[-2.91738439,43.25296034],[-2.91726725,43.25306384],[-2.91707924,43.25315373],[-2.91754538,43.2537619],[-2.91773754,43.25401417],[-2.91798203,43.25427548],[-2.91871567,43.25496037],[-2.91875912,43.25530257],[-2.91758069,43.25515437],[-2.91717666,43.25481066],[-2.91700844,43.25507167],[-2.91479305,43.2546018],[-2.91461204,43.2546782],[-2.91375897,43.25514128],[-2.91404844,43.25545217],[-2.91415715,43.25562335],[-2.9140426,43.25605998],[-2.91408641,43.25636166],[-2.91413003,43.25655983],[-2.91416634,43.25675795],[-2.9141734,43.25693352],[-2.91417584,43.25710012],[-2.91403407,43.25720358],[-2.91406154,43.25734767],[-2.91409611,43.25741973],[-2.91438009,43.25750997],[-2.91473171,43.25768134],[-2.91494363,43.25758247],[-2.91527305,43.25744311],[-2.9155296,43.25734427],[-2.91580642,43.25732194],[-2.91614287,43.25735373],[-2.91636218,43.25745292],[-2.91656644,43.25759267],[-2.91675302,43.25773237],[-2.91691337,43.25788555],[-2.91711063,43.2580478],[-2.91723829,43.25817396],[-2.91736592,43.25832263],[-2.91754846,43.25857038],[-2.91758479,43.25876401],[-2.9175882,43.25907017],[-2.91759534,43.25922324],[-2.91849385,43.25960209],[-2.91880805,43.25956178],[-2.91953832,43.26022417],[-2.91933333,43.26033655],[-2.919081,43.26046244],[-2.9187566,43.26059731],[-2.91847773,43.26068714],[-2.91818157,43.26075446],[-2.91787461,43.26080827],[-2.91744677,43.260862],[-2.91715953,43.26085729],[-2.91676366,43.2608975],[-2.91635627,43.26091069],[-2.91592478,43.26166677],[-2.91575206,43.26182425],[-2.91523869,43.2613286]]]]}},{"type":"Feature","properties":{"code":"ine-4802005","name":"Ibaiondo","city":"bilbao","cityName":"Bilbao","district":5,"income":16843,"income_prev":15539,"income_year":2023},"geometry":{"type":"MultiPolygon","coordinates":[[[[-2.92193159,43.26444451],[-2.92167251,43.2644218],[-2.92151994,43.26450276],[-2.92111441,43.26481311],[-2.92083936,43.26492099],[-2.9202887,43.2649431],[-2.91959442,43.26494711],[-2.91906533,43.26495126],[-2.91843159,43.26495982],[-2.91811272,43.26493705],[-2.91779821,43.26488283],[-2.91765735,43.26484219],[-2.91732371,43.26468435],[-2.91695963,43.26429239],[-2.9169989,43.26400878],[-2.91703889,43.26373868],[-2.91703389,43.26348655],[-2.91695143,43.26322086],[-2.91630262,43.26240995],[-2.91575206,43.26182425],[-2.91592478,43.26166677],[-2.91635627,43.26091069],[-2.91676366,43.2608975],[-2.91715953,43.26085729],[-2.91744677,43.260862],[-2.91787461,43.26080827],[-2.91818157,43.26075446],[-2.91847773,43.26068714],[-2.9187566,43.26059731],[-2.919081,43.26046244],[-2.91933333,43.26033655],[-2.91953832,43.26022417],[-2.91880805,43.25956178],[-2.91849385,43.25960209],[-2.91759534,43.25922324],[-2.9175882,43.25907017],[-2.91758479,43.25876401],[-2.91754846,43.25857038],[-2.91736592,43.25832263],[-2.91723829,43.25817396],[-2.91711063,43.2580478],[-2.91691337,43.25788555],[-2.91675302,43.25773237],[-2.91656644,43.25759267],[-2.91636218,43.25745292],[-2.91614287,43.25735373],[-2.91580642,43.25732194],[-2.9155296,43.25734427],[-2.91527305,43.25744311],[-2.91494363,43.25758247],[-2.91473171,43.25768134],[-2.91438009,43.25750997],[-2.91409611,43.25741973],[-2.91406154,43.25734767],[-2.91403407,43.25720358],[-2.91417584,43.25710012],[-2.9141734,43.25693352],[-2.91416634,43.25675795],[-2.91413003,43.25655983],[-2.91408641,43.25636166],[-2.9140426,43.25605998],[-2.91415715,43.25562335],[-2.91404844,43.25545217],[-2.91375897,43.25514128],[-2.91461204,43.2546782],[-2.91479305,43.2546018],[-2.91700844,43.25507167],[-2.91717666,43.25481066],[-2.91758069,43.25515437],[-2.91875912,43.25530257],[-2.91871567,43.25496037],[-2.91798203,43.25427548],[-2.91773754,43.25401417],[-2.91754538,43.2537619],[-2.91707924,43.25315373],[-2.91726725,43.25306384],[-2.91738439,43.25296034],[-2.91749049,43.25278487],[-2.91758238,43.25260033],[-2.91764461,43.25240678],[-2.91769646,43.25229422],[-2.91770681,43.25227176],[-2.91780206,43.25213222],[-2.91795202,43.25199277],[-2.91806929,43.25180375],[-2.91813923,43.2516102],[-2.91811374,43.25139859],[-2.91805925,43.25127698],[-2.91884148,43.25100293],[-2.91913032,43.25092205],[-2.92051425,43.25135471],[-2.92155054,43.25072282],[-2.92152519,43.2506491],[-2.92145359,43.25035642],[-2.92143772,43.25013128],[-2.92140137,43.24995115],[-2.92089451,43.2479605],[-2.92084872,43.24778064],[-2.92074745,43.24750592],[-2.92073857,43.24720426],[-2.92073353,43.24696564],[-2.92076046,43.24666851],[-2.92081233,43.24643442],[-2.92089812,43.24619138],[-2.92112872,43.24592587],[-2.92136648,43.24571894],[-2.92179093,43.2454761],[-2.92214918,43.24530526],[-2.92240497,43.24515236],[-2.92264999,43.24499044],[-2.92278909,43.24486447],[-2.92350947,43.2447479],[-2.9240212,43.24460418],[-2.92427813,43.24446929],[-2.92450586,43.24428034],[-2.92469669,43.24406434],[-2.92471748,43.24373568],[-2.92472926,43.24355109],[-2.92466363,43.24338898],[-2.92452463,43.24312776],[-2.92436597,43.24287102],[-2.92420219,43.24270431],[-2.9240361,43.24254213],[-2.92383693,43.2423709],[-2.92367501,43.24226272],[-2.92336386,43.24207791],[-2.9231042,43.24194717],[-2.92280721,43.24183894],[-2.92238124,43.24174408],[-2.92185198,43.24173022],[-2.92132648,43.24180189],[-2.92094183,43.24189615],[-2.92064733,43.24191848],[-2.92013117,43.24105815],[-2.92012578,43.24104915],[-2.9199864,43.24081495],[-2.91997338,43.24074289],[-2.92043091,43.24023897],[-2.92047374,43.24016693],[-2.92048584,43.24008139],[-2.92045357,43.24000035],[-2.92039977,43.23994178],[-2.92033251,43.23987868],[-2.91993207,43.23966231],[-2.91985843,43.23950017],[-2.91984615,43.23947314],[-2.91991597,43.2393291],[-2.91844051,43.23773426],[-2.91821761,43.23750446],[-2.91802537,43.23732422],[-2.91758799,43.23687819],[-2.91721943,43.23650871],[-2.91635344,43.23568417],[-2.91530773,43.2345893],[-2.91291198,43.2334574],[-2.91307064,43.23312886],[-2.91306944,43.23262911],[-2.91308162,43.23247152],[-2.91313643,43.23235003],[-2.91317929,43.23225549],[-2.91320365,43.23215194],[-2.91319727,43.23207991],[-2.91318507,43.23200337],[-2.91314162,43.2319313],[-2.91307406,43.2318322],[-2.91298218,43.23174658],[-2.91288381,43.23164747],[-2.91274853,43.2315348],[-2.91263819,43.23144462],[-2.91249092,43.2313635],[-2.9123067,43.23125977],[-2.91211019,43.2311786],[-2.91191403,43.23110642],[-2.911779,43.23106128],[-2.91162553,43.23101166],[-2.91149051,43.23096652],[-2.91135554,43.23090788],[-2.91123897,43.23085826],[-2.91114057,43.23078165],[-2.91103018,43.23072303],[-2.91085838,43.23058333],[-2.91079688,43.23052025],[-2.91072316,43.23043465],[-2.91066169,43.23035804],[-2.91059411,43.23024544],[-2.9105077,43.23011032],[-2.9103788,43.22987157],[-2.91023717,43.22962836],[-2.91000954,43.22922746],[-2.91000491,43.22921844],[-2.90975087,43.22872299],[-2.90870241,43.22782618],[-2.90785627,43.2272717],[-2.90642464,43.22612243],[-2.90875592,43.22116275],[-2.90955231,43.21946599],[-2.90959051,43.21938498],[-2.91104176,43.21892238],[-2.91333691,43.21837487],[-2.91538292,43.21766055],[-2.91881095,43.21667253],[-2.92652488,43.21443114],[-2.92886078,43.21366273],[-2.92916731,43.21438779],[-2.92977689,43.2142981],[-2.93114197,43.21491577],[-2.93753777,43.21657635],[-2.93831248,43.21672084],[-2.93881033,43.21676614],[-2.93965209,43.21684763],[-2.94194506,43.21742063],[-2.94307443,43.21728163],[-2.9448755,43.21770576],[-2.945612,43.21759805],[-2.946195,43.2175218],[-2.946285,43.21839976],[-2.94729134,43.21911615],[-2.94705031,43.21929612],[-2.94683275,43.2194986],[-2.94660252,43.21964707],[-2.94650395,43.21969658],[-2.94640336,43.2198406],[-2.94624622,43.22003412],[-2.94606569,43.2201556],[-2.94581842,43.22039864],[-2.94580133,43.22055618],[-2.94584475,43.22066878],[-2.94598795,43.2209885],[-2.94599824,43.22112807],[-2.94571031,43.2216682],[-2.94564963,43.22195182],[-2.94560757,43.22251462],[-2.94566061,43.22302792],[-2.94555732,43.22364466],[-2.94551046,43.22436954],[-2.94546412,43.22498182],[-2.94542997,43.22579224],[-2.94529018,43.22581917],[-2.94512055,43.22580109],[-2.94481118,43.22578746],[-2.94435285,43.22578723],[-2.94406476,43.225697],[-2.94394931,43.22562941],[-2.94384937,43.22552133],[-2.94376123,43.22555728],[-2.94372807,43.2256293],[-2.9437429,43.22579141],[-2.94397608,43.22621472],[-2.94396374,43.22625975],[-2.94391828,43.22632277],[-2.94399096,43.22640833],[-2.94446436,43.22671923],[-2.94473699,43.22693548],[-2.945192,43.22718786],[-2.94570161,43.22746724],[-2.94568612,43.22758428],[-2.94555557,43.22771478],[-2.94540426,43.22781375],[-2.94522482,43.22790374],[-2.94499419,43.22803419],[-2.9446419,43.22821412],[-2.94404069,43.22834439],[-2.94348255,43.22853322],[-2.94309058,43.22874462],[-2.94282957,43.22882552],[-2.94262312,43.22905955],[-2.94241665,43.22921701],[-2.94237702,43.22925303],[-2.94238307,43.22935206],[-2.94238912,43.22946913],[-2.94239822,43.2296087],[-2.94238887,43.22973026],[-2.9423341,43.2298293],[-2.94227944,43.22986075],[-2.94220357,43.22989225],[-2.9421428,43.22991024],[-2.94203656,43.22991468],[-2.94185108,43.2299191],[-2.94162983,43.22991447],[-2.94142081,43.22993236],[-2.94132958,43.22999085],[-2.94126248,43.23008538],[-2.94119887,43.23018438],[-2.94111986,43.23031041],[-2.94109246,43.23042296],[-2.94105266,43.23058504],[-2.94101018,43.23074709],[-2.94101312,43.23088215],[-2.94102181,43.23102172],[-2.94102781,43.23121083],[-2.94102769,43.23133689],[-2.94100955,43.2313864],[-2.94091812,43.23156647],[-2.94079972,43.23184554],[-2.94067476,43.23210661],[-2.94060477,43.23244427],[-2.94051061,43.23275937],[-2.94044341,43.23294846],[-2.94036425,43.23321855],[-2.94023968,43.23349311],[-2.94022728,43.23358312],[-2.94019089,43.23380825],[-2.94020879,43.23400186],[-2.94020852,43.2342765],[-2.94023531,43.23480331],[-2.94019586,43.23501039],[-2.94015604,43.23517693],[-2.9401163,43.23527148],[-2.94004036,43.23538851],[-2.93991593,43.23552801],[-2.93980036,43.23562248],[-2.93951502,43.23578893],[-2.93947839,43.23585194],[-2.93949981,43.23594648],[-2.93966924,43.23629328],[-2.93979051,43.23659047],[-2.93982344,43.23681112],[-2.93983562,43.2369642],[-2.939945,43.23726142],[-2.9400052,43.23747305],[-2.94004428,43.23766667],[-2.94007751,43.23790982],[-2.94012269,43.23813046],[-2.94012253,43.23829704],[-2.94010123,43.23845912],[-2.94007056,43.23871125],[-2.94003385,43.2388508],[-2.9399821,43.23903987],[-2.93985437,43.23934591],[-2.93976034,43.23953499],[-2.93968125,43.23967004],[-2.93935895,43.24021013],[-2.93917036,43.2405567],[-2.9391368,43.24065125],[-2.9391278,43.24079081],[-2.93917005,43.24087185],[-2.93921538,43.24094393],[-2.93930653,43.24101154],[-2.93938234,43.24105658],[-2.93948852,43.24109267],[-2.93964323,43.24111525],[-2.93978294,43.24110633],[-2.93991349,43.24107036],[-2.94004097,43.2409984],[-2.94015651,43.24092193],[-2.94023856,43.24085444],[-2.94032957,43.24073292],[-2.94040236,43.24060689],[-2.94046645,43.24043132],[-2.94047588,43.24023773],[-2.94054281,43.23989108],[-2.9406126,43.23976957],[-2.94068883,43.23971557],[-2.94077664,43.23968861],[-2.94088289,43.23968418],[-2.94098331,43.23971123],[-2.94109217,43.23977882],[-2.94114981,43.23984638],[-2.94121056,43.23994098],[-2.94126816,43.24008508],[-2.94129528,43.24029667],[-2.94129803,43.24063439],[-2.94130961,43.2410171],[-2.94129748,43.24119715],[-2.94126379,43.24139524],[-2.94121212,43.24150778],[-2.94109033,43.2416653],[-2.94095662,43.24182731],[-2.94078367,43.24195779],[-2.940586,43.24212428],[-2.94047439,43.24216022],[-2.94014861,43.24227262],[-2.93999925,43.24232209],[-2.93884952,43.24268166],[-2.93804475,43.24294234],[-2.93779607,43.24299625],[-2.93753625,43.24300511],[-2.93727566,43.24298693],[-2.93707093,43.24293282],[-2.93669425,43.24279751],[-2.93522911,43.24219788],[-2.93483434,43.24204459],[-2.93441873,43.24194078],[-2.93411855,43.24189107],[-2.93380565,43.24189089],[-2.93352969,43.24190423],[-2.93318662,43.24197609],[-2.93286163,43.24209293],[-2.93251229,43.24228632],[-2.93238471,43.2424123],[-2.93223898,43.24261036],[-2.93213258,43.24279036],[-2.93204729,43.24299295],[-2.93196928,43.2431865],[-2.93186209,43.24338454],[-2.9317184,43.24378965],[-2.93178472,43.24403732],[-2.93198187,43.24434361],[-2.9320848,43.24455077],[-2.93207845,43.24473536],[-2.93195075,43.24491989],[-2.93162246,43.24524385],[-2.93182892,43.24546908],[-2.9320046,43.24569432],[-2.93217449,43.24590601],[-2.93232902,43.24610421],[-2.9325789,43.24639702],[-2.93289231,43.24668084],[-2.93330852,43.24695122],[-2.93383552,43.24728019],[-2.9343276,43.24752361],[-2.93469972,43.24768143],[-2.93496021,43.24778509],[-2.93523221,43.24791583],[-2.93554953,43.24815465],[-2.93569709,43.24841586],[-2.93574461,43.24863652],[-2.93569653,43.24893811],[-2.93547405,43.2492847],[-2.93522003,43.24957719],[-2.93496562,43.24991024],[-2.93492624,43.24998223],[-2.93474879,43.25034681],[-2.93461248,43.25073393],[-2.93456322,43.2510716],[-2.93457217,43.25133274],[-2.9345788,43.25160288],[-2.93458374,43.25202611],[-2.93455067,43.25236826],[-2.9344417,43.25271486],[-2.93429959,43.25309749],[-2.9332469,43.25568572],[-2.93194526,43.25704014],[-2.93172359,43.25728764],[-2.92955472,43.25735384],[-2.92792091,43.25852789],[-2.92645491,43.25965706],[-2.92563954,43.26048946],[-2.92508311,43.26023696],[-2.92478933,43.26056993],[-2.92443727,43.26097939],[-2.92427104,43.26121792],[-2.92411092,43.26148794],[-2.92393152,43.26175799],[-2.92379681,43.26200553],[-2.9237015,43.26219005],[-2.92366958,43.26244664],[-2.92367963,43.26272132],[-2.92373081,43.26303201],[-2.92383108,43.26324368],[-2.92314595,43.26364841],[-2.92299405,43.26380141],[-2.92286363,43.26400392],[-2.92276097,43.26420195],[-2.92274684,43.26442254],[-2.9227326,43.26468366],[-2.92265817,43.26481417],[-2.92252009,43.26494465],[-2.92234668,43.2650571],[-2.9221976,43.26513352],[-2.92147756,43.26538066],[-2.92105924,43.26551543],[-2.92096142,43.26551537],[-2.92083558,43.26545223],[-2.92079373,43.26536219],[-2.92083585,43.26524515],[-2.92162792,43.26495305],[-2.92193106,43.26485421],[-2.92205254,43.26474173],[-2.92205817,43.26457067],[-2.92193159,43.26444451]]]]}},{"type":"Feature","properties":{"code":"ine-4802006","name":"Abando","city":"bilbao","cityName":"Bilbao","district":6,"income":30762,"income_prev":28498,"income_year":2023},"geometry":{"type":"MultiPolygon","coordinates":[[[[-2.92841882,43.26689804],[-2.92575935,43.26484778],[-2.92399747,43.26349142],[-2.92387713,43.26334724],[-2.92383108,43.26324368],[-2.92373081,43.26303201],[-2.92367963,43.26272132],[-2.92366958,43.26244664],[-2.9237015,43.26219005],[-2.92379681,43.26200553],[-2.92393152,43.26175799],[-2.92411092,43.26148794],[-2.92427104,43.26121792],[-2.92443727,43.26097939],[-2.92478933,43.26056993],[-2.92508311,43.26023696],[-2.92563954,43.26048946],[-2.92645491,43.25965706],[-2.92792091,43.25852789],[-2.92955472,43.25735384],[-2.93172359,43.25728764],[-2.93194526,43.25704014],[-2.9332469,43.25568572],[-2.93330486,43.25621252],[-2.93337549,43.25641066],[-2.93348883,43.25659082],[-2.93365421,43.25676652],[-2.9338246,43.25692868],[-2.93394271,43.25700527],[-2.93426397,43.25718107],[-2.93574925,43.25729449],[-2.93708328,43.25736277],[-2.93766955,43.25740813],[-2.93888075,43.25746729],[-2.94000647,43.25753092],[-2.941506,43.25759474],[-2.94359657,43.25769487],[-2.94390991,43.25771752],[-2.94458977,43.25775839],[-2.94583872,43.25780853],[-2.94608474,43.25781315],[-2.94624468,43.25892978],[-2.94628684,43.25918644],[-2.94632861,43.25936205],[-2.94641923,43.25966826],[-2.94656568,43.25995646],[-2.946706,43.26015913],[-2.94683873,43.26032579],[-2.94707802,43.2605285],[-2.94683381,43.26110018],[-2.94639655,43.26231111],[-2.94603378,43.26319339],[-2.94564669,43.2641612],[-2.94520325,43.26525503],[-2.94732714,43.26582783],[-2.94764791,43.26576947],[-2.94816704,43.26568868],[-2.94853755,43.26563031],[-2.94880254,43.26558542],[-2.94916646,43.26552253],[-2.94951807,43.26545965],[-2.94973298,43.26542375],[-2.94991011,43.26538779],[-2.95012192,43.26534286],[-2.95035146,43.26528896],[-2.95081062,43.26605002],[-2.95011923,43.26628385],[-2.94604706,43.26766421],[-2.94512912,43.26799243],[-2.94469426,43.26814078],[-2.94458753,43.26817676],[-2.94400897,43.26837458],[-2.94343001,43.26856789],[-2.94275476,43.26880164],[-2.94200473,43.26905339],[-2.94153518,43.26920624],[-2.94109949,43.26935459],[-2.94083065,43.26943099],[-2.9406257,43.26949841],[-2.93985767,43.2696691],[-2.93931616,43.26974085],[-2.9388209,43.26979012],[-2.93863757,43.26980801],[-2.93800557,43.26985718],[-2.93753658,43.26987045],[-2.93622105,43.26990575],[-2.93359365,43.26979167],[-2.93272087,43.26964709],[-2.93231972,43.26954329],[-2.93192936,43.26940799],[-2.93179698,43.26934937],[-2.93152486,43.26922766],[-2.93124046,43.26907891],[-2.93012548,43.26821826],[-2.92848806,43.26695212],[-2.92841882,43.26689804]]]]}},{"type":"Feature","properties":{"code":"ine-4802007","name":"Errekalde","city":"bilbao","cityName":"Bilbao","district":7,"income":17043,"income_prev":15362,"income_year":2023},"geometry":{"type":"MultiPolygon","coordinates":[[[[-2.9332469,43.25568572],[-2.93429959,43.25309749],[-2.9344417,43.25271486],[-2.93455067,43.25236826],[-2.93458374,43.25202611],[-2.9345788,43.25160288],[-2.93457217,43.25133274],[-2.93456322,43.2510716],[-2.93461248,43.25073393],[-2.93474879,43.25034681],[-2.93492624,43.24998223],[-2.93496562,43.24991024],[-2.93522003,43.24957719],[-2.93547405,43.2492847],[-2.93569653,43.24893811],[-2.93574461,43.24863652],[-2.93569709,43.24841586],[-2.93554953,43.24815465],[-2.93523221,43.24791583],[-2.93496021,43.24778509],[-2.93469972,43.24768143],[-2.9343276,43.24752361],[-2.93383552,43.24728019],[-2.93330852,43.24695122],[-2.93289231,43.24668084],[-2.9325789,43.24639702],[-2.93232902,43.24610421],[-2.93217449,43.24590601],[-2.9320046,43.24569432],[-2.93182892,43.24546908],[-2.93162246,43.24524385],[-2.93195075,43.24491989],[-2.93207845,43.24473536],[-2.9320848,43.24455077],[-2.93198187,43.24434361],[-2.93178472,43.24403732],[-2.9317184,43.24378965],[-2.93186209,43.24338454],[-2.93196928,43.2431865],[-2.93204729,43.24299295],[-2.93213258,43.24279036],[-2.93223898,43.24261036],[-2.93238471,43.2424123],[-2.93251229,43.24228632],[-2.93286163,43.24209293],[-2.93318662,43.24197609],[-2.93352969,43.24190423],[-2.93380565,43.24189089],[-2.93411855,43.24189107],[-2.93441873,43.24194078],[-2.93483434,43.24204459],[-2.93522911,43.24219788],[-2.93669425,43.24279751],[-2.93707093,43.24293282],[-2.93727566,43.24298693],[-2.93753625,43.24300511],[-2.93779607,43.24299625],[-2.93804475,43.24294234],[-2.93884952,43.24268166],[-2.93999925,43.24232209],[-2.94014861,43.24227262],[-2.94047439,43.24216022],[-2.940586,43.24212428],[-2.94078367,43.24195779],[-2.94095662,43.24182731],[-2.94109033,43.2416653],[-2.94121212,43.24150778],[-2.94126379,43.24139524],[-2.94129748,43.24119715],[-2.94130961,43.2410171],[-2.94129803,43.24063439],[-2.94129528,43.24029667],[-2.94126816,43.24008508],[-2.94121056,43.23994098],[-2.94114981,43.23984638],[-2.94109217,43.23977882],[-2.94098331,43.23971123],[-2.94088289,43.23968418],[-2.94077664,43.23968861],[-2.94068883,43.23971557],[-2.9406126,43.23976957],[-2.94054281,43.23989108],[-2.94047588,43.24023773],[-2.94046645,43.24043132],[-2.94040236,43.24060689],[-2.94032957,43.24073292],[-2.94023856,43.24085444],[-2.94015651,43.24092193],[-2.94004097,43.2409984],[-2.93991349,43.24107036],[-2.93978294,43.24110633],[-2.93964323,43.24111525],[-2.93948852,43.24109267],[-2.93938234,43.24105658],[-2.93930653,43.24101154],[-2.93921538,43.24094393],[-2.93917005,43.24087185],[-2.9391278,43.24079081],[-2.9391368,43.24065125],[-2.93917036,43.2405567],[-2.93935895,43.24021013],[-2.93968125,43.23967004],[-2.93976034,43.23953499],[-2.93985437,43.23934591],[-2.9399821,43.23903987],[-2.94003385,43.2388508],[-2.94007056,43.23871125],[-2.94010123,43.23845912],[-2.94012253,43.23829704],[-2.94012269,43.23813046],[-2.94007751,43.23790982],[-2.94004428,43.23766667],[-2.9400052,43.23747305],[-2.939945,43.23726142],[-2.93983562,43.2369642],[-2.93982344,43.23681112],[-2.93979051,43.23659047],[-2.93966924,43.23629328],[-2.93949981,43.23594648],[-2.93947839,43.23585194],[-2.93951502,43.23578893],[-2.93980036,43.23562248],[-2.93991593,43.23552801],[-2.94004036,43.23538851],[-2.9401163,43.23527148],[-2.94015604,43.23517693],[-2.94019586,43.23501039],[-2.94023531,43.23480331],[-2.94020852,43.2342765],[-2.94020879,43.23400186],[-2.94019089,43.23380825],[-2.94022728,43.23358312],[-2.94023968,43.23349311],[-2.94036425,43.23321855],[-2.94044341,43.23294846],[-2.94051061,43.23275937],[-2.94060477,43.23244427],[-2.94067476,43.23210661],[-2.94079972,43.23184554],[-2.94091812,43.23156647],[-2.94100955,43.2313864],[-2.94102769,43.23133689],[-2.94102781,43.23121083],[-2.94102181,43.23102172],[-2.94101312,43.23088215],[-2.94101018,43.23074709],[-2.94105266,43.23058504],[-2.94109246,43.23042296],[-2.94111986,43.23031041],[-2.94119887,43.23018438],[-2.94126248,43.23008538],[-2.94132958,43.22999085],[-2.94142081,43.22993236],[-2.94162983,43.22991447],[-2.94185108,43.2299191],[-2.94203656,43.22991468],[-2.9421428,43.22991024],[-2.94220357,43.22989225],[-2.94227944,43.22986075],[-2.9423341,43.2298293],[-2.94238887,43.22973026],[-2.94239822,43.2296087],[-2.94238912,43.22946913],[-2.94238307,43.22935206],[-2.94237702,43.22925303],[-2.94241665,43.22921701],[-2.94262312,43.22905955],[-2.94282957,43.22882552],[-2.94309058,43.22874462],[-2.94348255,43.22853322],[-2.94404069,43.22834439],[-2.9446419,43.22821412],[-2.94499419,43.22803419],[-2.94522482,43.22790374],[-2.94540426,43.22781375],[-2.94555557,43.22771478],[-2.94568612,43.22758428],[-2.94570161,43.22746724],[-2.945192,43.22718786],[-2.94473699,43.22693548],[-2.94446436,43.22671923],[-2.94399096,43.22640833],[-2.94391828,43.22632277],[-2.94396374,43.22625975],[-2.94397608,43.22621472],[-2.9437429,43.22579141],[-2.94372807,43.2256293],[-2.94376123,43.22555728],[-2.94384937,43.22552133],[-2.94394931,43.22562941],[-2.94406476,43.225697],[-2.94435285,43.22578723],[-2.94481118,43.22578746],[-2.94512055,43.22580109],[-2.94529018,43.22581917],[-2.94542997,43.22579224],[-2.94546412,43.22498182],[-2.94551046,43.22436954],[-2.94555732,43.22364466],[-2.94566061,43.22302792],[-2.94560757,43.22251462],[-2.94564963,43.22195182],[-2.94571031,43.2216682],[-2.94599824,43.22112807],[-2.94598795,43.2209885],[-2.94584475,43.22066878],[-2.94580133,43.22055618],[-2.94581842,43.22039864],[-2.94606569,43.2201556],[-2.94624622,43.22003412],[-2.94640336,43.2198406],[-2.94650395,43.21969658],[-2.94660252,43.21964707],[-2.94683275,43.2194986],[-2.94705031,43.21929612],[-2.94729134,43.21911615],[-2.94752359,43.21928282],[-2.94764593,43.22062008],[-2.9476916,43.2211694],[-2.94769645,43.22227249],[-2.94769253,43.22278124],[-2.94768894,43.22336653],[-2.94768314,43.22342957],[-2.94770804,43.22350161],[-2.94773916,43.22356916],[-2.94778261,43.22365471],[-2.94786291,43.22376282],[-2.94794287,43.22385744],[-2.9480417,43.2239475],[-2.94816513,43.22407812],[-2.94827009,43.2241637],[-2.9483624,43.22421778],[-2.94852853,43.22433042],[-2.94874433,43.22445209],[-2.94889779,43.22450169],[-2.94905167,43.22456929],[-2.94920585,43.22468641],[-2.94933505,43.22477202],[-2.9494524,43.22483061],[-2.94958775,43.2249387],[-2.94969852,43.22498828],[-2.94972313,43.22500179],[-2.94974811,43.22503334],[-2.9498592,43.22519545],[-2.94997002,43.22527657],[-2.95010606,43.2254072],[-2.95027839,43.22551979],[-2.95043836,43.22564594],[-2.95064798,43.2257631],[-2.9507834,43.22583519],[-2.95094957,43.22592083],[-2.95113999,43.22596592],[-2.95132465,43.22601553],[-2.95149699,43.22608314],[-2.95165666,43.22611474],[-2.95181639,43.22612381],[-2.95192104,43.22613285],[-2.95204414,43.22615091],[-2.95228969,43.22616904],[-2.95233274,43.22617356],[-2.95244358,43.2262006],[-2.95259709,43.22622317],[-2.95278139,43.22625928],[-2.95294103,43.22628185],[-2.95311959,43.22630896],[-2.95325462,43.22633153],[-2.95340854,43.22638561],[-2.95356818,43.22642171],[-2.95370366,43.22644877],[-2.95389443,43.22652538],[-2.95401754,43.22655246],[-2.95408029,43.22657048],[-2.95417109,43.22659302],[-2.95438035,43.22671017],[-2.95457076,43.22672825],[-2.95473082,43.22678685],[-2.95486628,43.22684542],[-2.95497703,43.22689051],[-2.95508166,43.22693109],[-2.9552048,43.22697614],[-2.95532753,43.22702122],[-2.95545102,43.2270753],[-2.95556142,43.22712488],[-2.95570333,43.22719247],[-2.95583877,43.22724202],[-2.95596768,43.22729611],[-2.95602302,43.22731864],[-2.95626347,43.22744482],[-2.95631269,43.22746284],[-2.95639851,43.22749437],[-2.95648468,43.22753494],[-2.95660779,43.22755748],[-2.95675557,43.22760258],[-2.95683518,43.22761611],[-2.95697681,43.2276567],[-2.95711834,43.22770178],[-2.95725954,43.22773784],[-2.95745657,43.22778744],[-2.95762239,43.22783704],[-2.95777012,43.22791815],[-2.95793017,43.22794969],[-2.95805946,43.22799479],[-2.95817638,43.22803535],[-2.95830528,43.22807589],[-2.9584099,43.22812546],[-2.95851454,43.22816154],[-2.95858226,43.22818856],[-2.9586869,43.22822014],[-2.95878543,43.22826519],[-2.95890239,43.22831475],[-2.95901317,43.22836882],[-2.95912393,43.22842289],[-2.95925937,43.22848598],[-2.95940094,43.22855356],[-2.95951788,43.22863014],[-2.95960407,43.22865266],[-2.95968442,43.22872926],[-2.95975829,43.22876529],[-2.9598383,43.22881935],[-2.95988755,43.22886891],[-2.959931,43.22891392],[-2.95998018,43.22898145],[-2.96002368,43.22902652],[-2.96006056,43.22910306],[-2.96010398,43.22917513],[-2.96011013,43.22918865],[-2.96012283,43.22921115],[-2.96017476,43.22924719],[-2.96034501,43.22965247],[-2.9604853,43.22981006],[-2.96071764,43.2300353],[-2.96107752,43.23058019],[-2.96301666,43.23126971],[-2.96324291,43.23132831],[-2.96342644,43.23136891],[-2.96402679,43.23139609],[-2.96468748,43.23157641],[-2.96491988,43.23163952],[-2.96509767,43.23167561],[-2.96544051,43.23170272],[-2.96556294,43.23170276],[-2.96569763,43.2316803],[-2.9658631,43.23165781],[-2.96605904,43.23162188],[-2.96621219,43.23160837],[-2.96651815,43.23165351],[-2.9671484,43.23188333],[-2.96742967,43.23198245],[-2.96760745,43.23203204],[-2.96777253,43.23207712],[-2.96791335,43.23209966],[-2.96813347,43.23213576],[-2.96853175,43.23215387],[-2.96868456,43.23218091],[-2.96885694,43.23223947],[-2.96524627,43.23953671],[-2.96177236,43.24656823],[-2.96121228,43.24772065],[-2.96043707,43.24879193],[-2.95936486,43.25006121],[-2.95546904,43.25005974],[-2.95531747,43.24992011],[-2.95519326,43.24975346],[-2.95371216,43.24993746],[-2.95271076,43.25005862],[-2.95251088,43.2502026],[-2.95017511,43.25183592],[-2.95019942,43.25217363],[-2.95045145,43.25560449],[-2.9504826,43.25611327],[-2.95049527,43.2561673],[-2.95038986,43.25609073],[-2.9500266,43.25589247],[-2.94944457,43.25576164],[-2.94893724,43.25564435],[-2.94857545,43.25551812],[-2.94835258,43.25543699],[-2.94793809,43.25530623],[-2.94772368,43.2552386],[-2.94743345,43.25517541],[-2.94713319,43.25513026],[-2.94687065,43.2550896],[-2.94654692,43.25504895],[-2.94637254,43.25502633],[-2.94617348,43.25501273],[-2.94595525,43.25499463],[-2.94562876,43.25499448],[-2.94504316,43.25497619],[-2.94470244,43.25497603],[-2.94421468,43.25496675],[-2.94391529,43.25523677],[-2.94419546,43.25531794],[-2.94459229,43.2554577],[-2.94493556,43.25565595],[-2.94539802,43.25596236],[-2.94565738,43.25610205],[-2.94573502,43.25624165],[-2.94584035,43.25647584],[-2.94593827,43.25673252],[-2.94597238,43.25688559],[-2.94602478,43.25731335],[-2.94608873,43.25769608],[-2.94608474,43.25781315],[-2.94583872,43.25780853],[-2.94458977,43.25775839],[-2.94390991,43.25771752],[-2.94359657,43.25769487],[-2.941506,43.25759474],[-2.94000647,43.25753092],[-2.93888075,43.25746729],[-2.93766955,43.25740813],[-2.93708328,43.25736277],[-2.93574925,43.25729449],[-2.93426397,43.25718107],[-2.93394271,43.25700527],[-2.9338246,43.25692868],[-2.93365421,43.25676652],[-2.93348883,43.25659082],[-2.93337549,43.25641066],[-2.93330486,43.25621252],[-2.9332469,43.25568572]]]]}},{"type":"Feature","properties":{"code":"ine-4802008","name":"Basurtu-Zorrotza","city":"bilbao","cityName":"Bilbao","district":8,"income":18114,"income_prev":16689,"income_year":2023},"geometry":{"type":"MultiPolygon","coordinates":[[[[-2.95700073,43.26530519],[-2.95663027,43.26528251],[-2.95601416,43.26530033],[-2.95542887,43.26534058],[-2.95466637,43.26542584],[-2.95306395,43.26567732],[-2.95081062,43.26605002],[-2.95035146,43.26528896],[-2.95012192,43.26534286],[-2.94991011,43.26538779],[-2.94973298,43.26542375],[-2.94951807,43.26545965],[-2.94916646,43.26552253],[-2.94880254,43.26558542],[-2.94853755,43.26563031],[-2.94816704,43.26568868],[-2.94764791,43.26576947],[-2.94732714,43.26582783],[-2.94520325,43.26525503],[-2.94564669,43.2641612],[-2.94603378,43.26319339],[-2.94639655,43.26231111],[-2.94683381,43.26110018],[-2.94707802,43.2605285],[-2.94683873,43.26032579],[-2.946706,43.26015913],[-2.94656568,43.25995646],[-2.94641923,43.25966826],[-2.94632861,43.25936205],[-2.94628684,43.25918644],[-2.94624468,43.25892978],[-2.94608474,43.25781315],[-2.94608873,43.25769608],[-2.94602478,43.25731335],[-2.94597238,43.25688559],[-2.94593827,43.25673252],[-2.94584035,43.25647584],[-2.94573502,43.25624165],[-2.94565738,43.25610205],[-2.94539802,43.25596236],[-2.94493556,43.25565595],[-2.94459229,43.2554577],[-2.94419546,43.25531794],[-2.94391529,43.25523677],[-2.94421468,43.25496675],[-2.94470244,43.25497603],[-2.94504316,43.25497619],[-2.94562876,43.25499448],[-2.94595525,43.25499463],[-2.94617348,43.25501273],[-2.94637254,43.25502633],[-2.94654692,43.25504895],[-2.94687065,43.2550896],[-2.94713319,43.25513026],[-2.94743345,43.25517541],[-2.94772368,43.2552386],[-2.94793809,43.25530623],[-2.94835258,43.25543699],[-2.94857545,43.25551812],[-2.94893724,43.25564435],[-2.94944457,43.25576164],[-2.9500266,43.25589247],[-2.95038986,43.25609073],[-2.95049527,43.2561673],[-2.9504826,43.25611327],[-2.95045145,43.25560449],[-2.95019942,43.25217363],[-2.95017511,43.25183592],[-2.95251088,43.2502026],[-2.95271076,43.25005862],[-2.95371216,43.24993746],[-2.95519326,43.24975346],[-2.95531747,43.24992011],[-2.95546904,43.25005974],[-2.95936486,43.25006121],[-2.96043707,43.24879193],[-2.96121228,43.24772065],[-2.96177236,43.24656823],[-2.96524627,43.23953671],[-2.96885694,43.23223947],[-2.96898427,43.23228006],[-2.96919861,43.23236115],[-2.96940638,43.23246028],[-2.96954716,43.23253685],[-2.96971838,43.23264047],[-2.96985266,43.23275303],[-2.97000537,43.23291517],[-2.97023728,43.23323492],[-2.97037768,43.23334751],[-2.97053084,43.23342858],[-2.97075092,43.23354571],[-2.97093444,43.23363579],[-2.97114838,43.23373489],[-2.97141769,43.23386103],[-2.97160086,43.23395113],[-2.97239618,43.23431151],[-2.97304453,43.23463586],[-2.97374794,43.23496469],[-2.975112,43.23564033],[-2.97531365,43.23573945],[-2.97549101,43.23586105],[-2.97580268,43.23608622],[-2.97591271,43.23618531],[-2.97598618,43.23626186],[-2.97604083,43.2363429],[-2.97610813,43.23645999],[-2.97619352,43.23656807],[-2.97631546,43.2367977],[-2.97646158,43.2370589],[-2.97658965,43.23734256],[-2.97669924,43.23754518],[-2.97678464,43.2377028],[-2.97693122,43.23788289],[-2.97704702,43.23803152],[-2.97716317,43.23817559],[-2.9772609,43.2382747],[-2.97737709,43.23838275],[-2.97749907,43.23852684],[-2.97770106,43.23867547],[-2.9790658,43.23998592],[-2.97927208,43.2401075],[-2.98354595,43.24178311],[-2.98462797,43.2429494],[-2.98491005,43.24334564],[-2.98558018,43.24485399],[-2.98581507,43.24609669],[-2.98508799,43.24592549],[-2.98469264,43.24589394],[-2.98444401,43.2459434],[-2.98410595,43.24610095],[-2.98360811,43.24645654],[-2.98340982,43.24665911],[-2.98274401,43.24755497],[-2.98231545,43.24785657],[-2.98169097,43.24814913],[-2.98113737,43.24827511],[-2.97920423,43.24814869],[-2.97886007,43.24813512],[-2.97852398,43.24815306],[-2.97816481,43.24829255],[-2.97802503,43.24840059],[-2.97790911,43.24852214],[-2.97784552,43.24861665],[-2.97781705,43.24866168],[-2.97783005,43.24885528],[-2.97783041,43.24896332],[-2.97783461,43.24905787],[-2.97783957,43.24916595],[-2.97783265,43.24924698],[-2.97782677,43.24938205],[-2.97780138,43.24942256],[-2.97777096,43.24946305],[-2.97773742,43.2494901],[-2.97767163,43.24955312],[-2.97757456,43.24959359],[-2.97736124,43.24967462],[-2.97713219,43.2497511],[-2.9767749,43.24987709],[-2.97653154,43.24999859],[-2.97640023,43.25005258],[-2.97607562,43.25034518],[-2.97537329,43.25070972],[-2.97452572,43.25124081],[-2.97421497,43.25148386],[-2.97414752,43.25156487],[-2.97404122,43.25179898],[-2.97408383,43.25200607],[-2.97428392,43.2522988],[-2.9744055,43.25255096],[-2.97465365,43.25285715],[-2.97477169,43.25318134],[-2.97473887,43.25334793],[-2.97458632,43.25360003],[-2.97421759,43.25436084],[-2.97398993,43.25465792],[-2.97394984,43.25468493],[-2.97383279,43.25476145],[-2.97366642,43.25486498],[-2.97314957,43.25526555],[-2.97231116,43.25588668],[-2.97203871,43.25642237],[-2.97200749,43.25649889],[-2.97188797,43.2569266],[-2.97155492,43.25770991],[-2.97059935,43.25848407],[-2.97046669,43.25886222],[-2.97057777,43.25921791],[-2.97086868,43.25962772],[-2.9719479,43.26047444],[-2.97201367,43.26054198],[-2.97229201,43.26077618],[-2.97252711,43.26097883],[-2.97279884,43.2611815],[-2.97302132,43.26134366],[-2.97321307,43.26147877],[-2.97353407,43.26169044],[-2.973954,43.26193367],[-2.97455335,43.26229401],[-2.97473276,43.26242462],[-2.97498604,43.26259574],[-2.97511575,43.26269484],[-2.97530126,43.26284794],[-2.97543097,43.26296054],[-2.97555493,43.26306413],[-2.97565998,43.26317669],[-2.97578358,43.26329828],[-2.97588282,43.26342887],[-2.97596328,43.26353695],[-2.97600674,43.26363153],[-2.97605636,43.26372607],[-2.9760937,43.26383415],[-2.97611867,43.26391968],[-2.97614368,43.26403224],[-2.97615633,43.26412679],[-2.97615665,43.26423486],[-2.97613856,43.26433842],[-2.97612003,43.26443295],[-2.97608339,43.26453201],[-2.97603445,43.26463103],[-2.97597935,43.26472108],[-2.97593001,43.2647931],[-2.97587493,43.26485163],[-2.97579479,43.26494164],[-2.97570275,43.26502715],[-2.97558603,43.26510369],[-2.97502566,43.26542773],[-2.97461893,43.26568427],[-2.97351039,43.26636384],[-2.97339245,43.26668798],[-2.97345242,43.26689059],[-2.97346164,43.26692213],[-2.97365083,43.2675615],[-2.97464839,43.26975885],[-2.97531756,43.27089359],[-2.97534642,43.2709206],[-2.97648813,43.2721545],[-2.97704135,43.27268138],[-2.97731541,43.2730236],[-2.97735273,43.27308664],[-2.97736967,43.27313618],[-2.97737352,43.2731677],[-2.97731777,43.27382951],[-2.97718165,43.27431121],[-2.97628864,43.27609846],[-2.97647822,43.27678287],[-2.97705293,43.27757088],[-2.97721796,43.27806168],[-2.97717243,43.27819673],[-2.97661603,43.27986247],[-2.97559192,43.28076271],[-2.97463539,43.2813073],[-2.97302928,43.28212181],[-2.97205264,43.28266637],[-2.97188615,43.28280139],[-2.97165261,43.2831075],[-2.97156431,43.28333707],[-2.97150009,43.28384581],[-2.97151072,43.28423301],[-2.97157429,43.28651121],[-2.97102499,43.28815891],[-2.97097784,43.28846504],[-2.9709832,43.28853711],[-2.97135964,43.28998693],[-2.96896819,43.28713185],[-2.96869178,43.28680307],[-2.9684958,43.28659592],[-2.96834379,43.28639328],[-2.96819787,43.28621764],[-2.96810784,43.28605554],[-2.96801165,43.28588892],[-2.96793083,43.2856728],[-2.96785047,43.28546568],[-2.96778242,43.28517299],[-2.96774825,43.2849524],[-2.96775803,43.28470476],[-2.96776474,43.28444363],[-2.96778383,43.28406093],[-2.96786218,43.28378179],[-2.96788105,43.28370976],[-2.96793898,43.28347565],[-2.96811869,43.28304799],[-2.96826256,43.28269234],[-2.96840953,43.28229169],[-2.96852832,43.28191353],[-2.96867221,43.28149487],[-2.96877213,43.28120224],[-2.96886282,43.2808556],[-2.96893814,43.28053142],[-2.96893095,43.28022529],[-2.96900631,43.27976154],[-2.96906383,43.2794329],[-2.96909833,43.27904571],[-2.96912163,43.27870355],[-2.96915606,43.27836589],[-2.96919089,43.27806424],[-2.96920259,43.27780309],[-2.9692324,43.27745642],[-2.96920175,43.27719076],[-2.96914913,43.27692063],[-2.96905954,43.27660994],[-2.96893915,43.27632178],[-2.96888878,43.27620022],[-2.96864984,43.2757634],[-2.9683955,43.2753356],[-2.96807878,43.27484478],[-2.9677586,43.27442148],[-2.96767776,43.27431337],[-2.96738636,43.27406116],[-2.96697607,43.27363334],[-2.96674328,43.2733406],[-2.96639844,43.27298034],[-2.96613746,43.27270559],[-2.96592308,43.2724489],[-2.96575539,43.27210668],[-2.96554108,43.27173742],[-2.96537341,43.2714177],[-2.96522448,43.27116102],[-2.96512176,43.27098993],[-2.96498212,43.27076923],[-2.96477701,43.27047202],[-2.96454312,43.27012528],[-2.96443804,43.27002619],[-2.96416594,43.26976047],[-2.96381379,43.26941369],[-2.96342704,43.26902637],[-2.96287551,43.26855342],[-2.96230861,43.268085],[-2.96186903,43.26774269],[-2.96124283,43.26724721],[-2.96073787,43.26684632],[-2.96027676,43.26653552],[-2.95989998,43.26624271],[-2.95944197,43.26590939],[-2.95910557,43.2657427],[-2.95874409,43.26560745],[-2.95838294,43.26546327],[-2.95793793,43.26537759],[-2.9574489,43.26531884],[-2.95700073,43.26530519]]]]}},{"type":"Feature","properties":{"code":"ine-4802901","name":"Etxebarri · dystrykt 1","city":"etxebarri","cityName":"Etxebarri","district":1,"income":17562,"income_prev":16233,"income_year":2023},"geometry":{"type":"MultiPolygon","coordinates":[[[[-2.87043963,43.25281307],[-2.87064983,43.25263321],[-2.87083884,43.25247132],[-2.87105595,43.252305],[-2.87131001,43.25213867],[-2.87156553,43.25198591],[-2.87183145,43.25184665],[-2.87208622,43.25171183],[-2.87234863,43.25160859],[-2.87274392,43.25146497],[-2.87302246,43.25135271],[-2.87319509,43.25127637],[-2.8732864,43.25123594],[-2.87354376,43.25112816],[-2.87357421,43.2511192],[-2.87376802,43.25104738],[-2.87397088,43.2510431],[-2.87416065,43.25107935],[-2.8744409,43.25106612],[-2.8747762,43.25106649],[-2.87496675,43.25108471],[-2.87503524,43.25109833],[-2.87510337,43.25110738],[-2.87519693,43.25108497],[-2.87528822,43.25105803],[-2.87540226,43.25101768],[-2.87554282,43.25099078],[-2.87564639,43.25099089],[-2.87576225,43.25100004],[-2.87585738,43.25097764],[-2.87596105,43.25092822],[-2.8760458,43.25088783],[-2.87612786,43.25085637],[-2.87617411,43.25084292],[-2.87620916,43.25083846],[-2.87624184,43.25083849],[-2.87627499,43.25083853],[-2.87630498,43.25085206],[-2.8763881,43.25087015],[-2.87648962,43.25091979],[-2.8765792,43.25097392],[-2.87665381,43.25103254],[-2.87673757,43.25109566],[-2.87684179,43.25113625],[-2.87694186,43.25115442],[-2.87702388,43.25115451],[-2.87712517,43.25113208],[-2.87724569,43.25111869],[-2.87735997,43.25112333],[-2.8775309,43.251137],[-2.87766866,43.2511462],[-2.87778882,43.25115083],[-2.87792511,43.25112394],[-2.87810801,43.25110614],[-2.87829129,43.25109733],[-2.87845725,43.25107047],[-2.87858203,43.25105261],[-2.87872027,43.25103476],[-2.87887618,43.25103942],[-2.87899856,43.25105305],[-2.87912518,43.25107118],[-2.87926799,43.25110289],[-2.87941959,43.25113003],[-2.87960274,43.25116624],[-2.88017852,43.2510408],[-2.88062518,43.25098722],[-2.88104341,43.25092014],[-2.88176348,43.25083086],[-2.88228172,43.25099346],[-2.88264543,43.25083629],[-2.88320462,43.25053068],[-2.8833507,43.25045429],[-2.88362987,43.25017091],[-2.88391664,43.24980201],[-2.8843094,43.24893348],[-2.88442195,43.24868146],[-2.88473277,43.24798841],[-2.88477943,43.24772283],[-2.8847252,43.24729504],[-2.88461107,43.24639445],[-2.88433056,43.24573686],[-2.88445236,43.2452462],[-2.88499153,43.24528728],[-2.88575645,43.24526555],[-2.88616686,43.24522992],[-2.88689886,43.24509109],[-2.88782093,43.24480383],[-2.88804022,43.24467798],[-2.88889677,43.24418357],[-2.88899854,43.24412516],[-2.88980224,43.2439143],[-2.89062522,43.24369448],[-2.89097459,43.24355975],[-2.89116529,43.24344172],[-2.8914031,43.24329455],[-2.89147938,43.24324058],[-2.89149985,43.24322261],[-2.89162169,43.24311465],[-2.89192852,43.24286731],[-2.89220374,43.24265147],[-2.89233406,43.24252103],[-2.89284454,43.24203075],[-2.893158,43.24174287],[-2.89342865,43.24149553],[-2.8939657,43.24098726],[-2.89443222,43.24055546],[-2.89460215,43.24044305],[-2.89494817,43.24021827],[-2.89511767,43.24013736],[-2.8952752,43.24006547],[-2.89586938,43.23989945],[-2.89598445,43.23989956],[-2.89626813,43.23989982],[-2.89650831,43.23990454],[-2.89679504,43.2399228],[-2.8970829,43.23995455],[-2.89738956,43.23999537],[-2.89772704,43.2400452],[-2.89804611,43.24007249],[-2.898402,43.24013584],[-2.89872063,43.24018564],[-2.89899686,43.24025344],[-2.89934663,43.24031228],[-2.89963481,43.24039805],[-2.89981902,43.2404793],[-2.89999058,43.24055148],[-2.90018099,43.24063718],[-2.90040175,43.24073643],[-2.90059828,43.24084463],[-2.90072134,43.24091229],[-2.90083781,43.24099796],[-2.90095428,43.24107459],[-2.90105886,43.24116921],[-2.90119376,43.2412684],[-2.90125524,43.24134049],[-2.90135358,43.24145764],[-2.90144576,43.24157928],[-2.9015318,43.24168739],[-2.90161204,43.24183154],[-2.90163652,43.24191711],[-2.9016983,43.24202525],[-2.90174773,43.24218734],[-2.90179096,43.24236298],[-2.90184612,43.24248909],[-2.90185248,43.24261517],[-2.90187112,43.24275475],[-2.90183498,43.24295281],[-2.90292652,43.24302578],[-2.90291441,43.24313384],[-2.90292047,43.24319688],[-2.90293309,43.24326892],[-2.9029453,43.24331847],[-2.90298247,43.24343557],[-2.90302538,43.24354364],[-2.90305648,43.2435797],[-2.90314833,43.24368786],[-2.90320368,43.24373739],[-2.90327132,43.24379148],[-2.90335096,43.24384106],[-2.90343091,43.24388618],[-2.90354749,43.24394031],[-2.90367021,43.24398992],[-2.90382366,43.24405758],[-2.90396482,43.24412977],[-2.90460942,43.24446797],[-2.905395,43.24476126],[-2.90553,43.24481991],[-2.9056281,43.24487402],[-2.90570186,43.24494161],[-2.90576949,43.24502724],[-2.90579404,43.24506776],[-2.90583597,43.24536046],[-2.90554491,43.24538272],[-2.90536707,43.24538257],[-2.90518961,43.24538692],[-2.90500562,43.24539577],[-2.90480924,43.24541814],[-2.90463135,43.24544049],[-2.90448427,43.2454809],[-2.90436797,43.2455123],[-2.90424507,43.24557073],[-2.90411063,43.24562465],[-2.90396965,43.24569655],[-2.90382249,43.24577748],[-2.90360209,43.24591235],[-2.9033693,43.24606526],[-2.90316087,43.24620015],[-2.90291581,43.2463575],[-2.90277516,43.24644295],[-2.90256048,43.24659133],[-2.90235854,43.24672622],[-2.90220521,43.24683866],[-2.90207066,43.24695109],[-2.90199124,43.24703208],[-2.90173988,43.24724796],[-2.90162963,43.24733795],[-2.90153794,43.2474144],[-2.9012866,43.24760778],[-2.90111517,43.24770665],[-2.90091286,43.24783254],[-2.90071094,43.24795395],[-2.90055178,43.24805736],[-2.90039835,43.24817879],[-2.90020253,43.24835872],[-2.89989639,43.24864658],[-2.89853552,43.2500591],[-2.8983476,43.25031107],[-2.89826154,43.25043256],[-2.89819436,43.25054957],[-2.89810833,43.25068455],[-2.89793002,43.25093653],[-2.89783787,43.25103551],[-2.89773329,43.25118397],[-2.89764107,43.25130547],[-2.89754886,43.25142695],[-2.89743817,43.25154842],[-2.89721686,43.25175532],[-2.8971,43.25187228],[-2.89698932,43.25197571],[-2.89673684,43.25217358],[-2.89660769,43.25227253],[-2.89637407,43.25247491],[-2.89619523,43.25260082],[-2.89602944,43.25273123],[-2.89586916,43.25280312],[-2.89567297,43.25294701],[-2.89550838,43.25305492],[-2.89539892,43.25312235],[-2.89520165,43.25322124],[-2.89500362,43.25331109],[-2.89475473,43.25340991],[-2.89452283,43.25349975],[-2.8942559,43.25358053],[-2.89401319,43.25366137],[-2.89385068,43.25370622],[-2.89371743,43.25372413],[-2.89360498,43.25373752],[-2.89340865,43.25373284],[-2.89313031,43.25372808],[-2.89287586,43.25371879],[-2.89266878,43.25370961],[-2.89244471,43.2536914],[-2.89222306,43.25366869],[-2.89201751,43.25365046],[-2.89183774,43.25362329],[-2.89164065,43.25359161],[-2.89149135,43.25355543],[-2.89135397,43.25351026],[-2.89114087,43.25343353],[-2.89101124,43.25337037],[-2.89094471,43.25332977],[-2.89091705,43.25330725],[-2.8904629,43.25280705],[-2.88971779,43.25331057],[-2.8888023,43.25393554],[-2.88854367,43.25411088],[-2.88836089,43.25424125],[-2.888179,43.25434912],[-2.88802447,43.25443904],[-2.88787574,43.25450642],[-2.88775977,43.25456484],[-2.88763642,43.25463224],[-2.8875223,43.25472667],[-2.88738962,43.25484361],[-2.88728631,43.25493357],[-2.88716595,43.25504599],[-2.88702866,43.25517192],[-2.88692067,43.25526638],[-2.88683124,43.25533832],[-2.88673183,43.25539226],[-2.88657651,43.25547313],[-2.88642932,43.25555402],[-2.88631093,43.25563497],[-2.88619651,43.25567535],[-2.88606979,43.25570676],[-2.88591457,43.25575161],[-2.88574469,43.25579197],[-2.88548392,43.25586374],[-2.88506939,43.25601637],[-2.88494026,43.25608832],[-2.88469717,43.25637171],[-2.88469569,43.25856883],[-2.88472586,43.25870846],[-2.88478291,43.25885258],[-2.88476614,43.25896963],[-2.88476788,43.25906417],[-2.88478628,43.25912722],[-2.88343518,43.25914834],[-2.88335772,43.2591978],[-2.88326247,43.25926073],[-2.88317342,43.25932817],[-2.88309356,43.25939563],[-2.88302228,43.25943158],[-2.88294482,43.25949454],[-2.88288149,43.25957101],[-2.88281894,43.25964747],[-2.8825584,43.25980931],[-2.88233652,43.26043491],[-2.88224679,43.26065992],[-2.88134063,43.26132984],[-2.87983101,43.26244932],[-2.87956594,43.26407884],[-2.8786443,43.26381223],[-2.87791387,43.26360437],[-2.87738323,43.26343724],[-2.87691648,43.26329263],[-2.87666096,43.26321583],[-2.87630748,43.26301734],[-2.87475744,43.26257442],[-2.87377422,43.2622942],[-2.87288648,43.26204108],[-2.87141152,43.26125149],[-2.8701789,43.26059727],[-2.86889169,43.25991147],[-2.8676045,43.25923012],[-2.86648155,43.25863001],[-2.86522137,43.25795766],[-2.86471408,43.25769593],[-2.86481448,43.25756998],[-2.86497077,43.25741258],[-2.86513319,43.25725969],[-2.86529642,43.25708882],[-2.86545083,43.25691339],[-2.86560017,43.25674246],[-2.86578687,43.25658964],[-2.86596969,43.25643225],[-2.86615218,43.2562794],[-2.86633693,43.25612655],[-2.86652205,43.25597817],[-2.86670872,43.25581632],[-2.86688425,43.25566792],[-2.86697718,43.255587],[-2.86717312,43.25542517],[-2.86735905,43.25527678],[-2.86746465,43.25521387],[-2.8675672,43.25513746],[-2.86776273,43.25498462],[-2.8679587,43.25481827],[-2.86818702,43.25462941],[-2.86841377,43.25445857],[-2.86866892,43.2543328],[-2.86891865,43.25419802],[-2.86913375,43.25408572],[-2.86934338,43.25398691],[-2.86951076,43.25384304],[-2.86959455,43.25373957],[-2.86975894,43.25355516],[-2.8699214,43.25336624],[-2.87007424,43.25319085],[-2.87027027,43.25298392],[-2.87043963,43.25281307]]]]}},{"type":"Feature","properties":{"code":"ine-4890201","name":"Erandio · dystrykt 1","city":"erandio","cityName":"Erandio","district":1,"income":15340,"income_prev":13948,"income_year":2023},"geometry":{"type":"MultiPolygon","coordinates":[[[[-2.97547341,43.31030677],[-2.97540482,43.31028876],[-2.97532386,43.31029324],[-2.97525219,43.31029772],[-2.97520865,43.31028872],[-2.97516512,43.31027972],[-2.97510499,43.31024822],[-2.97506189,43.31022565],[-2.97499329,43.3101716],[-2.97495558,43.31010856],[-2.97495522,43.31002752],[-2.97494868,43.30995099],[-2.97494527,43.30990146],[-2.97492024,43.30983393],[-2.9748794,43.30980242],[-2.97484513,43.30977087],[-2.97480778,43.30973935],[-2.97479196,43.30969433],[-2.97476042,43.30964479],[-2.97471992,43.30961328],[-2.97464518,43.30959523],[-2.97457011,43.30957271],[-2.97451075,43.3095412],[-2.9744734,43.30949616],[-2.97446069,43.30945112],[-2.97445726,43.30938809],[-2.97444145,43.30932956],[-2.97441025,43.30929805],[-2.97436672,43.3092755],[-2.97431045,43.30928453],[-2.97422646,43.30932051],[-2.97414552,43.30934298],[-2.97401489,43.30939699],[-2.97385957,43.30943748],[-2.97373163,43.30943745],[-2.97354783,43.30945991],[-2.97334858,43.30945536],[-2.97317711,43.30945082],[-2.97311198,43.30950484],[-2.97301287,43.30960838],[-2.97292617,43.30971639],[-2.97283938,43.30986947],[-2.97275261,43.30996398],[-2.97263431,43.31003148],[-2.97246666,43.31008097],[-2.97237689,43.31009445],[-2.97233142,43.31009894],[-2.97226509,43.31008541],[-2.97221276,43.31002238],[-2.97214763,43.30998183],[-2.97205059,43.30990977],[-2.97194735,43.30980172],[-2.97184833,43.30974316],[-2.97165688,43.30959451],[-2.97160028,43.309554],[-2.97154213,43.30949095],[-2.97153099,43.30943691],[-2.97155958,43.30922982],[-2.97157356,43.30906773],[-2.97157862,43.30891916],[-2.97156249,43.30883813],[-2.97148584,43.30871654],[-2.9714597,43.30864901],[-2.97142241,43.3084734],[-2.97130418,43.30824373],[-2.97122258,43.30812214],[-2.97121567,43.30808164],[-2.97123766,43.30794208],[-2.97122509,43.30778449],[-2.97121815,43.30770795],[-2.97123088,43.30764942],[-2.97129293,43.3076044],[-2.97150719,43.30757296],[-2.97136238,43.30748286],[-2.97127497,43.3074108],[-2.97116938,43.30732524],[-2.97104734,43.30720815],[-2.97098338,43.30709106],[-2.97093649,43.30698302],[-2.97084868,43.30677586],[-2.97072358,43.30657773],[-2.97065963,43.30649668],[-2.97056795,43.30642013],[-2.97039813,43.30631202],[-2.97031992,43.30623097],[-2.97030298,43.30617691],[-2.97024949,43.30608688],[-2.97017785,43.30602833],[-2.97006036,43.30596077],[-2.96980649,43.30584813],[-2.96966129,43.30574903],[-2.96963201,43.30570402],[-2.96961437,43.30560043],[-2.96960712,43.30541135],[-2.96960983,43.30533032],[-2.96963225,43.30524929],[-2.96969704,43.30516824],[-2.96980541,43.30488915],[-2.96984249,43.30481262],[-2.97000866,43.30456953],[-2.96986073,43.30446143],[-2.97018334,43.30425892],[-2.9701811,43.30407882],[-2.9701812,43.30387622],[-2.97016943,43.30361509],[-2.97020151,43.30336746],[-2.97021816,43.30322791],[-2.97026405,43.30311535],[-2.97021483,43.30299376],[-2.97039445,43.30281826],[-2.97044153,43.30268317],[-2.97048589,43.30254361],[-2.97051643,43.30241756],[-2.97054035,43.30230503],[-2.97056697,43.30218347],[-2.9706029,43.30204389],[-2.97065154,43.3018233],[-2.97070287,43.30167025],[-2.97074533,43.30149466],[-2.97078627,43.30130558],[-2.97083493,43.30106245],[-2.97084309,43.30094539],[-2.97086356,43.30085537],[-2.97090452,43.30059425],[-2.97095741,43.30039617],[-2.97095368,43.3000765],[-2.97107085,43.30005399],[-2.97123226,43.30005404],[-2.97143335,43.30009012],[-2.97178428,43.30019828],[-2.97223156,43.30029742],[-2.97249469,43.30033352],[-2.97274552,43.30034258],[-2.97293238,43.30032463],[-2.97339665,43.30024817],[-2.97410721,43.30004123],[-2.97459963,43.29993783],[-2.97493297,43.29983882],[-2.97506548,43.29982087],[-2.97518763,43.2998434],[-2.97528442,43.29963632],[-2.97532684,43.29951476],[-2.9753689,43.29929412],[-2.97537521,43.29911407],[-2.97535248,43.29895197],[-2.97527942,43.29867283],[-2.97511695,43.29836213],[-2.97498336,43.298191],[-2.97484661,43.2980514],[-2.97462788,43.29786675],[-2.97382186,43.29716871],[-2.97351566,43.296903],[-2.97226714,43.29592121],[-2.97200641,43.29573205],[-2.97150731,43.29531769],[-2.97227312,43.29467855],[-2.97248007,43.29440397],[-2.9725534,43.29417889],[-2.97279502,43.29404389],[-2.97335723,43.29371533],[-2.97380373,43.29451686],[-2.97419757,43.29521932],[-2.97430341,43.2953859],[-2.97679325,43.29928783],[-2.97686644,43.29940253],[-2.97698735,43.29961869],[-2.97707778,43.2998348],[-2.97712667,43.29990234],[-2.97718713,43.30000142],[-2.97724757,43.3001455],[-2.97730803,43.30023104],[-2.97736232,43.30036162],[-2.97742315,43.3004787],[-2.97748359,43.30056874],[-2.97755021,43.30069482],[-2.97759254,43.3007804],[-2.97765299,43.30092448],[-2.97770107,43.30104155],[-2.97776193,43.3011316],[-2.9777977,43.30123067],[-2.97784627,43.30133871],[-2.97789436,43.30143329],[-2.97793708,43.30151882],[-2.97797289,43.3016269],[-2.97800908,43.30169444],[-2.97802018,43.30172067],[-2.97804528,43.30177998],[-2.97806952,43.30184302],[-2.97811068,43.30197809],[-2.97813529,43.30205916],[-2.97822997,43.30236531],[-2.97830346,43.30259946],[-2.97832347,43.30273002],[-2.97838541,43.30313073],[-2.97853881,43.30395919],[-2.97873042,43.30463458],[-2.97884273,43.3052244],[-2.97920398,43.30779527],[-2.97938736,43.30802494],[-2.97946438,43.30810148],[-2.97966392,43.30828612],[-2.97993894,43.3085473],[-2.98013813,43.30871394],[-2.98030147,43.30884453],[-2.9775257,43.31048281],[-2.97709845,43.31021709],[-2.97664574,43.30992433],[-2.97588563,43.310532],[-2.97582627,43.31052299],[-2.97576384,43.31050945],[-2.97572339,43.31048693],[-2.9756891,43.31045543],[-2.97563904,43.31039238],[-2.97559203,43.31034283],[-2.97553274,43.31032932],[-2.97547341,43.31030677]]]]}},{"type":"Feature","properties":{"code":"ine-4890202","name":"Erandio · dystrykt 2","city":"erandio","cityName":"Erandio","district":2,"income":15220,"income_prev":13768,"income_year":2023},"geometry":{"type":"MultiPolygon","coordinates":[[[[-2.98388936,43.31975864],[-2.98081139,43.31903331],[-2.97971954,43.31909163],[-2.97920388,43.31910503],[-2.97839298,43.31918141],[-2.97740547,43.31836178],[-2.97704925,43.31776292],[-2.97695602,43.31764133],[-2.97621765,43.31754209],[-2.97602805,43.31746104],[-2.97574992,43.31734841],[-2.97560654,43.31729888],[-2.97547476,43.31726732],[-2.97531674,43.31723581],[-2.97519034,43.31720872],[-2.97505781,43.31717721],[-2.97494414,43.31715464],[-2.97477806,43.3171321],[-2.97464355,43.31711407],[-2.97453523,43.31710955],[-2.97443349,43.31710502],[-2.97434717,43.31710052],[-2.97427742,43.31709145],[-2.97418453,43.31706893],[-2.97407239,43.3170554],[-2.97399726,43.31705087],[-2.97334219,43.31776209],[-2.97281699,43.31837425],[-2.97102921,43.31744637],[-2.97001281,43.31692832],[-2.96932318,43.31654094],[-2.96905159,43.31634276],[-2.96854313,43.31586986],[-2.96694352,43.31429362],[-2.96736802,43.31392907],[-2.96779599,43.31356898],[-2.96814879,43.31319992],[-2.96842793,43.31288034],[-2.96856831,43.31267324],[-2.96861963,43.31255623],[-2.96862204,43.31239863],[-2.96859971,43.31231309],[-2.96852428,43.31215997],[-2.96845843,43.31205192],[-2.96836451,43.31194383],[-2.96828281,43.31184927],[-2.96823584,43.31179973],[-2.96822005,43.31175469],[-2.96822627,43.31169616],[-2.96826637,43.31161964],[-2.96837207,43.31154763],[-2.96847453,43.31148913],[-2.96859285,43.31143963],[-2.96874818,43.31140818],[-2.96902841,43.31134522],[-2.96922451,43.31133628],[-2.96938674,43.31135882],[-2.96962643,43.31134989],[-2.96986305,43.31133645],[-2.9700565,43.31132297],[-2.97043225,43.31123304],[-2.97055633,43.31122857],[-2.97092246,43.31118813],[-2.9712103,43.31114771],[-2.97135755,43.31109371],[-2.97144927,43.3110532],[-2.97158651,43.31099019],[-2.97168903,43.3109047],[-2.97180277,43.31081016],[-2.97192692,43.31064813],[-2.97203601,43.31050858],[-2.97227238,43.31018899],[-2.97226509,43.31008541],[-2.97233142,43.31009894],[-2.97237689,43.31009445],[-2.97246666,43.31008097],[-2.97263431,43.31003148],[-2.97275261,43.30996398],[-2.97283938,43.30986947],[-2.97292617,43.30971639],[-2.97301287,43.30960838],[-2.97311198,43.30950484],[-2.97317711,43.30945082],[-2.97334858,43.30945536],[-2.97354783,43.30945991],[-2.97373163,43.30943745],[-2.97385957,43.30943748],[-2.97401489,43.30939699],[-2.97414552,43.30934298],[-2.97422646,43.30932051],[-2.97431045,43.30928453],[-2.97436672,43.3092755],[-2.97441025,43.30929805],[-2.97444145,43.30932956],[-2.97445726,43.30938809],[-2.97446069,43.30945112],[-2.9744734,43.30949616],[-2.97451075,43.3095412],[-2.97457011,43.30957271],[-2.97464518,43.30959523],[-2.97471992,43.30961328],[-2.97476042,43.30964479],[-2.97479196,43.30969433],[-2.97480778,43.30973935],[-2.97484513,43.30977087],[-2.9748794,43.30980242],[-2.97492024,43.30983393],[-2.97494527,43.30990146],[-2.97494868,43.30995099],[-2.97495522,43.31002752],[-2.97495558,43.31010856],[-2.97499329,43.3101716],[-2.97506189,43.31022565],[-2.97510499,43.31024822],[-2.97516512,43.31027972],[-2.97520865,43.31028872],[-2.97525219,43.31029772],[-2.97532386,43.31029324],[-2.97540482,43.31028876],[-2.97547341,43.31030677],[-2.97553274,43.31032932],[-2.97559203,43.31034283],[-2.97563904,43.31039238],[-2.9756891,43.31045543],[-2.97572339,43.31048693],[-2.97576384,43.31050945],[-2.97582627,43.31052299],[-2.97588563,43.310532],[-2.97664574,43.30992433],[-2.97709845,43.31021709],[-2.9775257,43.31048281],[-2.98030147,43.30884453],[-2.98032187,43.30886253],[-2.98045826,43.30896159],[-2.98077607,43.30918227],[-2.98121413,43.30947951],[-2.98149302,43.30964163],[-2.98169224,43.30975872],[-2.98195846,43.30991183],[-2.98216304,43.31001993],[-2.98237302,43.31011903],[-2.98442393,43.3110243],[-2.98447247,43.3110468],[-2.98551744,43.31143415],[-2.98633164,43.31166838],[-2.98659406,43.31172695],[-2.98793774,43.31201074],[-2.98916042,43.312263],[-2.98961933,43.31237111],[-2.99273013,43.31369952],[-2.989387,43.3163511],[-2.98688233,43.31833633],[-2.98576147,43.31893498],[-2.98527965,43.31919155],[-2.98388936,43.31975864]]]]}},{"type":"Feature","properties":{"code":"ine-4890203","name":"Erandio · dystrykt 3","city":"erandio","cityName":"Erandio","district":3,"income":18006,"income_prev":17050,"income_year":2023},"geometry":{"type":"MultiPolygon","coordinates":[[[[-2.95562251,43.3498307],[-2.95557318,43.34983068],[-2.95552305,43.34982615],[-2.95549257,43.34982614],[-2.9554621,43.34982163],[-2.95543168,43.34982162],[-2.95540194,43.34981711],[-2.95537232,43.3498126],[-2.9553442,43.34980355],[-2.95532566,43.34979454],[-2.95530676,43.34979004],[-2.95528746,43.34978105],[-2.95526973,43.34977202],[-2.9552524,43.34976302],[-2.95523659,43.34975401],[-2.95521194,43.34973147],[-2.95519227,43.34970896],[-2.95517574,43.3496819],[-2.95516034,43.34965492],[-2.95514374,43.34962791],[-2.9551241,43.34960535],[-2.95509869,43.34957836],[-2.95507132,43.34955585],[-2.95504362,43.34952878],[-2.95501389,43.34950629],[-2.954985,43.34948375],[-2.9549557,43.34946124],[-2.95492257,43.34943424],[-2.95488983,43.34940718],[-2.95485589,43.34938016],[-2.95482243,43.34935312],[-2.95478772,43.3493306],[-2.95475264,43.34930809],[-2.95469402,43.34926753],[-2.95463509,43.34923148],[-2.95457344,43.34919545],[-2.95451057,43.3491594],[-2.95444736,43.34912787],[-2.95438259,43.34909181],[-2.95432559,43.34906479],[-2.95426735,43.34904227],[-2.95420799,43.34901521],[-2.95414903,43.34899268],[-2.9540889,43.34897013],[-2.95402878,43.34894311],[-2.95395322,43.34891608],[-2.95387693,43.34888451],[-2.95379939,43.34885748],[-2.95372229,43.34883042],[-2.95364483,43.34880338],[-2.95356773,43.34877632],[-2.95352225,43.3487628],[-2.9534764,43.34874478],[-2.95343085,43.34873126],[-2.95338502,43.34871321],[-2.9533399,43.34869969],[-2.95329362,43.34868167],[-2.95282895,43.34778553],[-2.95160238,43.34782554],[-2.94940935,43.34763098],[-2.94855051,43.34868861],[-2.94713443,43.34848986],[-2.94674704,43.34921004],[-2.94280556,43.34755577],[-2.94222124,43.34733038],[-2.94162906,43.34724454],[-2.94093788,43.34713612],[-2.94013041,43.3467665],[-2.93971849,43.34650966],[-2.93896921,43.34607897],[-2.93907091,43.34592833],[-2.93904481,43.34591641],[-2.93852143,43.34567493],[-2.93831887,43.34558181],[-2.93803147,43.34544851],[-2.93802856,43.34544117],[-2.93714757,43.34504043],[-2.9353974,43.34422752],[-2.93486491,43.34398706],[-2.93327793,43.34324782],[-2.93103421,43.34136911],[-2.92924773,43.33937629],[-2.92778733,43.33774577],[-2.92613141,43.33592452],[-2.92544043,43.33513309],[-2.9253568,43.33501629],[-2.92506968,43.33493272],[-2.92457127,43.33500081],[-2.92449232,43.33490268],[-2.92447885,43.33488916],[-2.92437604,43.33479004],[-2.92398026,43.33440258],[-2.92380694,43.33394324],[-2.92367747,43.33360099],[-2.9236218,43.33342985],[-2.92360957,43.33334881],[-2.9236907,43.3328806],[-2.92394494,43.33240355],[-2.9240288,43.33193538],[-2.92407627,43.33126906],[-2.92410045,43.33044515],[-2.92413494,43.32937816],[-2.92442836,43.329635],[-2.92515886,43.33024326],[-2.92585623,43.33081551],[-2.92634016,43.33131108],[-2.9266111,43.3316624],[-2.92691118,43.33182021],[-2.92798684,43.33204599],[-2.92931153,43.33219542],[-2.93016719,43.33228599],[-2.93069915,43.33233585],[-2.93285648,43.33078387],[-2.93314729,43.33027078],[-2.9337579,43.32955975],[-2.93435733,43.32885774],[-2.9347017,43.32833568],[-2.93469761,43.32819611],[-2.93471039,43.32816013],[-2.93478373,43.32805662],[-2.93504457,43.32780912],[-2.93537257,43.32747165],[-2.9354957,43.32732765],[-2.93608552,43.32649507],[-2.93650784,43.32590098],[-2.93752728,43.32446983],[-2.93870823,43.3229712],[-2.93886305,43.32269666],[-2.93955098,43.3220262],[-2.94034372,43.32052734],[-2.94102021,43.31927158],[-2.94124411,43.318889],[-2.94158302,43.31831738],[-2.94190149,43.31776826],[-2.94222154,43.31722816],[-2.94238754,43.31691758],[-2.94254889,43.31664754],[-2.94277586,43.31626044],[-2.94284613,43.31614343],[-2.94300985,43.31576081],[-2.94313395,43.3153692],[-2.94321846,43.31523418],[-2.94342679,43.31500013],[-2.94351246,43.31492364],[-2.94365868,43.31468959],[-2.94378174,43.31457258],[-2.94370658,43.31454104],[-2.94366084,43.31449149],[-2.94365552,43.31439695],[-2.94363519,43.31429338],[-2.94359056,43.31418981],[-2.94357755,43.31413575],[-2.94358142,43.31407725],[-2.94361505,43.3139782],[-2.94362593,43.31387464],[-2.94361482,43.3137936],[-2.94360227,43.31365852],[-2.94360437,43.31349194],[-2.94363839,43.31332989],[-2.94366975,43.31317231],[-2.94368027,43.31305528],[-2.94370583,43.31293823],[-2.94372173,43.31284367],[-2.94372023,43.31277614],[-2.94370064,43.3127176],[-2.94364061,43.31263204],[-2.94358441,43.31255547],[-2.94349705,43.31242487],[-2.94344511,43.31233927],[-2.94339581,43.31228975],[-2.94333732,43.31223119],[-2.94331465,43.31216815],[-2.94330856,43.31208708],[-2.94326854,43.312006],[-2.94321703,43.31193846],[-2.9431523,43.3118574],[-2.94310422,43.31177184],[-2.94307388,43.31168626],[-2.9430709,43.31157823],[-2.94307714,43.31148816],[-2.94306224,43.3113261],[-2.94301686,43.31084881],[-2.94294457,43.31067768],[-2.94288933,43.31045255],[-2.94283815,43.31036249],[-2.94281388,43.31032647],[-2.94277078,43.31024089],[-2.94272927,43.31012379],[-2.94415337,43.30781035],[-2.94481908,43.30672112],[-2.94541064,43.30575792],[-2.94571243,43.3052493],[-2.94581696,43.30508173],[-2.94599644,43.30477691],[-2.94606545,43.30465801],[-2.94614229,43.30452139],[-2.94619643,43.30439791],[-2.94625291,43.304271],[-2.94630626,43.30414809],[-2.94635097,43.30404804],[-2.94636039,43.30402575],[-2.94638236,43.30396572],[-2.94640512,43.30390912],[-2.94641769,43.30386338],[-2.94643732,43.30379592],[-2.94645538,43.30373646],[-2.94646245,43.30370559],[-2.94647268,43.30365242],[-2.94648369,43.30359353],[-2.9464947,43.30353635],[-2.94649393,43.30352377],[-2.94649553,43.30348661],[-2.94649712,43.30345974],[-2.94649713,43.30344201],[-2.94649715,43.30341571],[-2.94649952,43.30339112],[-2.94648161,43.30328533],[-2.94647227,43.30322243],[-2.94644966,43.30311549],[-2.9464372,43.30304401],[-2.9463598,43.30291304],[-2.9463199,43.30287871],[-2.94620333,43.30278259],[-2.94599751,43.30269044],[-2.94558821,43.30250098],[-2.94551778,43.30246778],[-2.94521257,43.30232183],[-2.94493373,43.30218794],[-2.94465005,43.30206975],[-2.94450786,43.30202394],[-2.94436959,43.30198004],[-2.94425349,43.30194567],[-2.94387538,43.30183518],[-2.94382534,43.30182054],[-2.94371968,43.30178428],[-2.94360913,43.30174658],[-2.94359609,43.30174222],[-2.94353316,43.30170979],[-2.94342524,43.30165399],[-2.94325221,43.30156571],[-2.94316537,43.30173175],[-2.9430448,43.30207386],[-2.94300815,43.30216385],[-2.94298263,43.30223592],[-2.94295326,43.30232144],[-2.94292778,43.30239796],[-2.94291765,43.30248802],[-2.94292455,43.30256004],[-2.94293024,43.30263208],[-2.94295097,43.30271314],[-2.94299324,43.30281224],[-2.94302479,43.30287977],[-2.94308327,43.30298783],[-2.94312864,43.30308244],[-2.94316626,43.30319051],[-2.9431839,43.30328055],[-2.9431973,43.3033706],[-2.943183,43.30343361],[-2.94312436,43.3034876],[-2.94312684,43.30349189],[-2.94294487,43.30356144],[-2.9425893,43.30369678],[-2.94238148,43.30377687],[-2.94237517,43.30382642],[-2.94236677,43.30388436],[-2.94240324,43.30395604],[-2.94248554,43.30412838],[-2.94215412,43.30413515],[-2.94208675,43.30413734],[-2.94202316,43.30403476],[-2.94196375,43.30394706],[-2.94191319,43.30387346],[-2.94178288,43.30368242],[-2.94176589,43.30365855],[-2.94176852,43.30363034],[-2.94176802,43.30361318],[-2.94177863,43.30343212],[-2.94177971,43.30339629],[-2.94171186,43.30338596],[-2.94159444,43.30336722],[-2.94152345,43.30337557],[-2.9414415,43.30338468],[-2.9413397,43.30339683],[-2.9413042,43.3034052],[-2.9412473,43.30341927],[-2.9412024,43.3034303],[-2.94113871,43.30344552],[-2.94105414,43.30345653],[-2.94099358,43.30346488],[-2.94087825,43.30345072],[-2.94088401,43.30342671],[-2.94090656,43.30331808],[-2.94096844,43.30301887],[-2.9410225,43.3027577],[-2.94093482,43.30275709],[-2.94081817,43.30275588],[-2.94078135,43.30277245],[-2.94068266,43.30281414],[-2.9403208,43.30297005],[-2.94016102,43.30303858],[-2.94014063,43.30307287],[-2.94009122,43.30316091],[-2.94007161,43.30319635],[-2.94001514,43.30329581],[-2.94015915,43.30334392],[-2.94031256,43.30339431],[-2.94049962,43.30345502],[-2.94040865,43.30360364],[-2.94027792,43.3035887],[-2.93996042,43.3035489],[-2.94004032,43.30363009],[-2.93752188,43.3033226],[-2.93744988,43.30289033],[-2.93724096,43.30259755],[-2.93667139,43.3023226],[-2.93623006,43.30212874],[-2.93512561,43.30161937],[-2.93434961,43.30128126],[-2.93378009,43.30101081],[-2.93327448,43.30076287],[-2.93279151,43.30056899],[-2.93276607,43.30024031],[-2.93273131,43.29962346],[-2.93270693,43.29938481],[-2.93272592,43.29929479],[-2.93267249,43.2991597],[-2.93267215,43.2991507],[-2.93266914,43.29908313],[-2.93270187,43.29907865],[-2.93305401,43.29906985],[-2.9336369,43.29912873],[-2.93504305,43.29958427],[-2.93563262,43.29982322],[-2.93598811,43.29994051],[-2.93722429,43.3001348],[-2.93749158,43.30023398],[-2.93792764,43.30028825],[-2.9384397,43.30030203],[-2.93847709,43.30030205],[-2.9389001,43.30029778],[-2.94030093,43.30033006],[-2.94070737,43.300776],[-2.94081703,43.30089762],[-2.94067637,43.30097408],[-2.94055374,43.30104155],[-2.94045587,43.30109554],[-2.94035177,43.30115851],[-2.94028423,43.30123051],[-2.94077589,43.30160897],[-2.94099407,43.30146951],[-2.94114442,43.30142456],[-2.94197998,43.30154656],[-2.94255659,43.30172245],[-2.9427928,43.30128134],[-2.94214397,43.30090731],[-2.94199184,43.3008307],[-2.94185205,43.3007856],[-2.94171216,43.30078102],[-2.94164835,43.30065943],[-2.94135106,43.30009198],[-2.94129727,43.29994339],[-2.94129776,43.29984432],[-2.9413229,43.2997813],[-2.94138498,43.2996913],[-2.94146646,43.29950676],[-2.9415044,43.29933116],[-2.94149291,43.29925913],[-2.94147482,43.29922312],[-2.94143253,43.29914203],[-2.94134747,43.29905195],[-2.94126199,43.29898438],[-2.94159972,43.29875942],[-2.94159396,43.29873692],[-2.94155206,43.29861983],[-2.94153448,43.29846676],[-2.9415173,43.29834968],[-2.94153046,43.29824162],[-2.94154991,43.29807507],[-2.94157551,43.29794902],[-2.94161335,43.29780943],[-2.94163892,43.29767438],[-2.94168335,43.29753483],[-2.94177636,43.29737732],[-2.94183738,43.29720176],[-2.94195081,43.29703522],[-2.9420099,43.29694972],[-2.94203533,43.29691823],[-2.94209202,43.29685073],[-2.94211175,43.29676967],[-2.94211026,43.29668414],[-2.94212845,43.29662111],[-2.94214816,43.29655359],[-2.94220758,43.29646355],[-2.94222502,43.29636901],[-2.94220502,43.29629247],[-2.94221708,43.29619791],[-2.94225608,43.2960674],[-2.94232093,43.29595033],[-2.94233216,43.29588282],[-2.94237236,43.29577031],[-2.94251736,43.29563079],[-2.94266891,43.2954553],[-2.94297045,43.29519432],[-2.94299204,43.2951583],[-2.94320592,43.29510437],[-2.94580764,43.29494359],[-2.94585826,43.29474101],[-2.94595825,43.29450243],[-2.94609527,43.29425036],[-2.94628777,43.29395779],[-2.94644945,43.29369673],[-2.94678335,43.29335473],[-2.94690717,43.29319719],[-2.94702477,43.29306218],[-2.94705643,43.2929451],[-2.94706389,43.29278307],[-2.94708285,43.29269304],[-2.94713261,43.29261201],[-2.94740527,43.29227896],[-2.94755418,43.2920314],[-2.94761054,43.29190986],[-2.94767811,43.29172529],[-2.94772946,43.29164428],[-2.94779733,43.29154078],[-2.94787713,43.29145526],[-2.94795268,43.29138774],[-2.94798239,43.29135627],[-2.9480934,43.29126175],[-2.94820363,43.29120327],[-2.94831426,43.29114479],[-2.94850424,43.29104585],[-2.94872512,43.29089286],[-2.9488308,43.29078486],[-2.94885624,43.29072634],[-2.94888749,43.29070382],[-2.94905246,43.29054635],[-2.94932311,43.29028532],[-2.9490451,43.29017263],[-2.94850094,43.28995179],[-2.94798379,43.28973992],[-2.94789288,43.28971287],[-2.94766994,43.28962274],[-2.94737611,43.28953704],[-2.94698253,43.28937479],[-2.94656285,43.28914046],[-2.94619248,43.28894218],[-2.94592719,43.288798],[-2.94585326,43.28874393],[-2.94574822,43.28866734],[-2.94553843,43.28849164],[-2.9456055,43.28842414],[-2.94563673,43.28839262],[-2.94571076,43.28832512],[-2.94579709,43.28827567],[-2.94588957,43.28823968],[-2.94601326,43.28819471],[-2.94614898,43.28810024],[-2.94629077,43.28800124],[-2.94638943,43.28793825],[-2.94646961,43.28787976],[-2.94653131,43.28782125],[-2.94659915,43.28777629],[-2.94668583,43.2877403],[-2.94676598,43.28770884],[-2.94687082,43.28762782],[-2.94699716,43.28766841],[-2.94741731,43.28781267],[-2.94780548,43.28791192],[-2.94791947,43.28792995],[-2.94821293,43.28803367],[-2.94859681,43.28819591],[-2.9490419,43.28847078],[-2.94952005,43.28880865],[-2.94991233,43.28909698],[-2.95032113,43.28943034],[-2.95078147,43.28897577],[-2.95101199,43.28874628],[-2.95131154,43.28844924],[-2.95196115,43.28780119],[-2.95327185,43.28652309],[-2.95330961,43.28645557],[-2.95383629,43.28635222],[-2.95460792,43.286249],[-2.95539722,43.28615025],[-2.95626131,43.2860335],[-2.95706334,43.2859168],[-2.95771708,43.28584951],[-2.95848868,43.28575073],[-2.95860193,43.28573728],[-2.95888971,43.28569685],[-2.9594757,43.28558451],[-2.96013558,43.28545416],[-2.96033933,43.28549026],[-2.96059848,43.28556239],[-2.96095625,43.28568858],[-2.96157972,43.28592741],[-2.96212272,43.28612571],[-2.96261639,43.28632397],[-2.96294335,43.28648618],[-2.96318398,43.28664382],[-2.96337534,43.28677895],[-2.9635297,43.28693207],[-2.96371489,43.28708973],[-2.96393091,43.28721586],[-2.96414075,43.28736449],[-2.96433829,43.28749063],[-2.96451119,43.28761225],[-2.96478882,43.2877564],[-2.96507878,43.28787356],[-2.96565915,43.28813935],[-2.96611553,43.28830161],[-2.96652917,43.28847283],[-2.96692389,43.28862153],[-2.96726971,43.28877018],[-2.96761516,43.28892338],[-2.96812117,43.28915312],[-2.96830027,43.28922971],[-2.96846052,43.28929728],[-2.96860258,43.28936939],[-2.96875091,43.28943697],[-2.96889874,43.28950904],[-2.96904082,43.28960361],[-2.96918872,43.28968018],[-2.969337,43.28974776],[-2.9694483,43.28980632],[-2.96959,43.2898604],[-2.96973216,43.28990997],[-2.96988619,43.28997304],[-2.97006531,43.29002263],[-2.97027523,43.29006318],[-2.9704786,43.29007677],[-2.97066389,43.29009482],[-2.97089232,43.29009937],[-2.97112654,43.29009042],[-2.97136999,43.29002747],[-2.97137963,43.29004547],[-2.97191076,43.2911802],[-2.97198153,43.29133328],[-2.97249997,43.29221589],[-2.9729257,43.29294083],[-2.97335723,43.29371533],[-2.97279502,43.29404389],[-2.9725534,43.29417889],[-2.97248007,43.29440397],[-2.97227312,43.29467855],[-2.97150731,43.29531769],[-2.97200641,43.29573205],[-2.97226714,43.29592121],[-2.97351566,43.296903],[-2.97382186,43.29716871],[-2.97462788,43.29786675],[-2.97484661,43.2980514],[-2.97498336,43.298191],[-2.97511695,43.29836213],[-2.97527942,43.29867283],[-2.97535248,43.29895197],[-2.97537521,43.29911407],[-2.9753689,43.29929412],[-2.97532684,43.29951476],[-2.97528442,43.29963632],[-2.97518763,43.2998434],[-2.97506548,43.29982087],[-2.97493297,43.29983882],[-2.97459963,43.29993783],[-2.97410721,43.30004123],[-2.97339665,43.30024817],[-2.97293238,43.30032463],[-2.97274552,43.30034258],[-2.97249469,43.30033352],[-2.97223156,43.30029742],[-2.97178428,43.30019828],[-2.97143335,43.30009012],[-2.97123226,43.30005404],[-2.97107085,43.30005399],[-2.97095368,43.3000765],[-2.97095741,43.30039617],[-2.97090452,43.30059425],[-2.97086356,43.30085537],[-2.97084309,43.30094539],[-2.97083493,43.30106245],[-2.97078627,43.30130558],[-2.97074533,43.30149466],[-2.97070287,43.30167025],[-2.97065154,43.3018233],[-2.9706029,43.30204389],[-2.97056697,43.30218347],[-2.97054035,43.30230503],[-2.97051643,43.30241756],[-2.97048589,43.30254361],[-2.97044153,43.30268317],[-2.97039445,43.30281826],[-2.97021483,43.30299376],[-2.97026405,43.30311535],[-2.97021816,43.30322791],[-2.97020151,43.30336746],[-2.97016943,43.30361509],[-2.9701812,43.30387622],[-2.9701811,43.30407882],[-2.97018334,43.30425892],[-2.96986073,43.30446143],[-2.97000866,43.30456953],[-2.96984249,43.30481262],[-2.96980541,43.30488915],[-2.96969704,43.30516824],[-2.96963225,43.30524929],[-2.96960983,43.30533032],[-2.96960712,43.30541135],[-2.96961437,43.30560043],[-2.96963201,43.30570402],[-2.96966129,43.30574903],[-2.96980649,43.30584813],[-2.97006036,43.30596077],[-2.97017785,43.30602833],[-2.97024949,43.30608688],[-2.97030298,43.30617691],[-2.97031992,43.30623097],[-2.97039813,43.30631202],[-2.97056795,43.30642013],[-2.97065963,43.30649668],[-2.97072358,43.30657773],[-2.97084868,43.30677586],[-2.97093649,43.30698302],[-2.97098338,43.30709106],[-2.97104734,43.30720815],[-2.97116938,43.30732524],[-2.97127497,43.3074108],[-2.97136238,43.30748286],[-2.97150719,43.30757296],[-2.97129293,43.3076044],[-2.97123088,43.30764942],[-2.97121815,43.30770795],[-2.97122509,43.30778449],[-2.97123766,43.30794208],[-2.97121567,43.30808164],[-2.97122258,43.30812214],[-2.97130418,43.30824373],[-2.97142241,43.3084734],[-2.9714597,43.30864901],[-2.97148584,43.30871654],[-2.97156249,43.30883813],[-2.97157862,43.30891916],[-2.97157356,43.30906773],[-2.97155958,43.30922982],[-2.97153099,43.30943691],[-2.97154213,43.30949095],[-2.97160028,43.309554],[-2.97165688,43.30959451],[-2.97184833,43.30974316],[-2.97194735,43.30980172],[-2.97205059,43.30990977],[-2.97214763,43.30998183],[-2.97221276,43.31002238],[-2.97226509,43.31008541],[-2.97227238,43.31018899],[-2.97203601,43.31050858],[-2.97192692,43.31064813],[-2.97180277,43.31081016],[-2.97168903,43.3109047],[-2.97158651,43.31099019],[-2.97144927,43.3110532],[-2.97135755,43.31109371],[-2.9712103,43.31114771],[-2.97092246,43.31118813],[-2.97055633,43.31122857],[-2.97043225,43.31123304],[-2.9700565,43.31132297],[-2.96986305,43.31133645],[-2.96962643,43.31134989],[-2.96938674,43.31135882],[-2.96922451,43.31133628],[-2.96902841,43.31134522],[-2.96874818,43.31140818],[-2.96859285,43.31143963],[-2.96847453,43.31148913],[-2.96837207,43.31154763],[-2.96826637,43.31161964],[-2.96822627,43.31169616],[-2.96822005,43.31175469],[-2.96823584,43.31179973],[-2.96828281,43.31184927],[-2.96836451,43.31194383],[-2.96845843,43.31205192],[-2.96852428,43.31215997],[-2.96859971,43.31231309],[-2.96862204,43.31239863],[-2.96861963,43.31255623],[-2.96856831,43.31267324],[-2.96842793,43.31288034],[-2.96814879,43.31319992],[-2.96779599,43.31356898],[-2.96736802,43.31392907],[-2.96694352,43.31429362],[-2.96854313,43.31586986],[-2.96905159,43.31634276],[-2.96932318,43.31654094],[-2.97001281,43.31692832],[-2.97102921,43.31744637],[-2.97281699,43.31837425],[-2.96879333,43.3230691],[-2.96663406,43.32534661],[-2.96651744,43.32713398],[-2.96493064,43.32817805],[-2.96369781,43.32913664],[-2.96324612,43.33018101],[-2.96331319,43.33088789],[-2.96352951,43.33138322],[-2.96324715,43.33227908],[-2.9631148,43.33249063],[-2.96335009,43.33291842],[-2.96328522,43.33308048],[-2.96330594,43.33323808],[-2.96329356,43.33331911],[-2.96319636,43.33338661],[-2.96303631,43.33350812],[-2.96299465,43.33356215],[-2.96290168,43.33371518],[-2.96277436,43.33387273],[-2.96232705,43.33408868],[-2.96204588,43.33430468],[-2.96190975,43.3344082],[-2.96181563,43.3344667],[-2.96166681,43.33448915],[-2.96149296,43.33449809],[-2.96142858,43.3345116],[-2.96079306,43.33478602],[-2.96070407,43.33481298],[-2.96061803,43.33482195],[-2.960799,43.33517321],[-2.96088993,43.33528131],[-2.96093569,43.33540285],[-2.96091207,43.33558296],[-2.96122095,43.33606031],[-2.9615242,43.33630354],[-2.96185284,43.33658278],[-2.96226478,43.33687105],[-2.96243437,43.33695218],[-2.96290458,43.33714143],[-2.96314391,43.33727657],[-2.96335359,43.33735317],[-2.96358216,43.33738924],[-2.96433119,43.33740302],[-2.964744,43.33752472],[-2.96484115,43.33755625],[-2.96491437,43.33760581],[-2.96499376,43.33769136],[-2.96513211,43.33772294],[-2.96533834,43.33778603],[-2.96556224,43.33788063],[-2.96576695,43.33794373],[-2.96613066,43.33838057],[-2.96611556,43.33845709],[-2.96609353,43.33848414],[-2.96605379,43.33856964],[-2.96605916,43.33859664],[-2.9658486,43.33881271],[-2.96660065,43.34379698],[-2.96675049,43.34476499],[-2.96520976,43.34550287],[-2.96295235,43.34662323],[-2.96036225,43.34808559],[-2.95999891,43.34825202],[-2.95837006,43.34843153],[-2.95837009,43.34896729],[-2.95835394,43.34897628],[-2.95832843,43.34899881],[-2.95830218,43.34902128],[-2.95827518,43.34903929],[-2.95825283,43.34905281],[-2.95823159,43.3490663],[-2.95820927,43.34908429],[-2.95818612,43.34909778],[-2.95816369,43.34911131],[-2.95814096,43.34912478],[-2.95812202,43.34913829],[-2.95810236,43.34914729],[-2.95808229,43.34915628],[-2.95806262,43.34916977],[-2.95804376,43.3491788],[-2.95802677,43.34919229],[-2.9580067,43.34920578],[-2.95798859,43.34922376],[-2.9579712,43.34924183],[-2.95795501,43.34925978],[-2.95793918,43.34927779],[-2.95792299,43.34929579],[-2.95790792,43.34931382],[-2.95789401,43.34932731],[-2.95788015,43.3493453],[-2.95786664,43.34936333],[-2.95785274,43.34937684],[-2.95784039,43.3493948],[-2.95782647,43.34941731],[-2.95781489,43.34943536],[-2.95780254,43.34945784],[-2.95779098,43.34948033],[-2.95777785,43.34949836],[-2.95776318,43.34951635],[-2.95774308,43.34953885],[-2.95772191,43.34956138],[-2.9576995,43.34958386],[-2.95767599,43.34960185],[-2.95765126,43.34961988],[-2.95762542,43.34964237],[-2.95760074,43.34966036],[-2.9575745,43.34967385],[-2.95754826,43.34969185],[-2.9575201,43.34970986],[-2.95749234,43.34972337],[-2.95746266,43.34973684],[-2.95743218,43.34975036],[-2.95740018,43.34975935],[-2.9573674,43.34976834],[-2.95733345,43.34977732],[-2.95729992,43.34978183],[-2.95726597,43.3497908],[-2.95723392,43.34979528],[-2.95720193,43.34980427],[-2.95716877,43.34980876],[-2.95713601,43.34981328],[-2.95710321,43.34982227],[-2.95707005,43.34982226],[-2.95704074,43.34982224],[-2.95701107,43.34982673],[-2.95698136,43.34982222],[-2.95695171,43.34982221],[-2.95692199,43.3498222],[-2.95689266,43.34982219],[-2.95683251,43.34982217],[-2.95677239,43.34982214],[-2.95671222,43.34982662],[-2.95665243,43.34982659],[-2.95659227,43.34982657],[-2.95653214,43.34982655],[-2.95646735,43.34983103],[-2.95640147,43.349831],[-2.95633625,43.34983097],[-2.95627145,43.34983095],[-2.95620558,43.34983092],[-2.95614075,43.3498309],[-2.95608794,43.34983088],[-2.95603512,43.34983086],[-2.95598191,43.34983084],[-2.95592909,43.34983082],[-2.95587663,43.3498308],[-2.95582381,43.34983077],[-2.95577368,43.34983076],[-2.95572351,43.34983074],[-2.9556734,43.34983521],[-2.95562251,43.3498307]]]]}},{"type":"Feature","properties":{"code":"ine-4890401","name":"Sondika · dystrykt 1","city":"sondika","cityName":"Sondika","district":1,"income":20310,"income_prev":19608,"income_year":2023},"geometry":{"type":"MultiPolygon","coordinates":[[[[-2.93234877,43.30646673],[-2.93240212,43.30633619],[-2.9322714,43.30637211],[-2.93214736,43.30637654],[-2.9320757,43.306372],[-2.93201478,43.30637646],[-2.93193345,43.30641693],[-2.93185521,43.30644839],[-2.93177579,43.30647089],[-2.93171181,43.30646634],[-2.931661,43.30643928],[-2.93160749,43.30642125],[-2.93152196,43.30638066],[-2.93143874,43.3063626],[-2.93137059,43.30633557],[-2.93130322,43.306295],[-2.93121812,43.30624542],[-2.93115958,43.30620038],[-2.93110296,43.30616881],[-2.93101208,43.30614176],[-2.93087452,43.30612816],[-2.93079671,43.30611009],[-2.93070657,43.30610554],[-2.93048693,43.3061054],[-2.9297992,43.30606897],[-2.9293904,43.30470451],[-2.92702751,43.30424378],[-2.92645584,43.30413085],[-2.92491685,43.30385971],[-2.92472692,43.30384609],[-2.92453004,43.30383246],[-2.92432621,43.30382782],[-2.92413623,43.30386369],[-2.92393343,43.30396712],[-2.92145776,43.30523059],[-2.91889206,43.30541335],[-2.91895771,43.30444541],[-2.91902336,43.30347746],[-2.91783432,43.30318846],[-2.91664528,43.30289945],[-2.91634601,43.3028317],[-2.91659701,43.30242219],[-2.91636293,43.30231843],[-2.91645599,43.30214292],[-2.91656041,43.30215653],[-2.91811435,43.30240978],[-2.91830235,43.30211276],[-2.91898349,43.30103718],[-2.91885587,43.30026271],[-2.9184653,43.30045153],[-2.91831088,43.30067202],[-2.91706352,43.30052705],[-2.91742048,43.29899652],[-2.91735883,43.29898298],[-2.9172252,43.29895586],[-2.9170997,43.29890626],[-2.9169984,43.29885215],[-2.91691686,43.29877556],[-2.91688338,43.298744],[-2.91680948,43.29867641],[-2.91672828,43.29860432],[-2.91666675,43.29854574],[-2.91665556,43.29853224],[-2.91665132,43.29851873],[-2.91664682,43.29847369],[-2.91663421,43.29837914],[-2.91660095,43.29817651],[-2.91654544,43.29822599],[-2.91652996,43.29824401],[-2.91649952,43.29827099],[-2.9164548,43.29829796],[-2.91638926,43.29832944],[-2.91634683,43.29833841],[-2.9162964,43.29833837],[-2.9162833,43.29833836],[-2.91623898,43.29832933],[-2.91618737,43.29832479],[-2.9161269,43.29831125],[-2.91607913,43.29830671],[-2.91601173,43.29829763],[-2.91595856,43.29829759],[-2.91590807,43.29832459],[-2.9158714,43.29835606],[-2.91584134,43.29839207],[-2.9158062,43.29842804],[-2.91577491,43.29846406],[-2.91575062,43.29849103],[-2.9157217,43.29852255],[-2.91567347,43.29856755],[-2.91562836,43.29859451],[-2.9155848,43.29861698],[-2.91553121,43.29864397],[-2.91547608,43.29866643],[-2.91496083,43.29767556],[-2.91500471,43.29742794],[-2.91526816,43.29691939],[-2.91612899,43.29541624],[-2.91654236,43.29541205],[-2.91786102,43.29573717],[-2.91875862,43.29604398],[-2.91911656,43.29545894],[-2.9200789,43.29578829],[-2.92034577,43.29527521],[-2.92025205,43.29505006],[-2.9205129,43.29474857],[-2.91968325,43.29430226],[-2.91996436,43.2937982],[-2.91991866,43.29373063],[-2.92030635,43.29300604],[-2.92033419,43.29295203],[-2.9203589,43.29290251],[-2.92038015,43.29287103],[-2.92030506,43.29285294],[-2.92020719,43.29284387],[-2.92015408,43.29283484],[-2.92009282,43.29282579],[-2.92002274,43.29283025],[-2.91991212,43.29283467],[-2.91982002,43.29287064],[-2.91969745,43.29290655],[-2.91962386,43.292902],[-2.91955031,43.29288845],[-2.91945789,43.29286588],[-2.91939705,43.2928253],[-2.91929467,43.29279369],[-2.91916291,43.2927891],[-2.91904809,43.29280706],[-2.91896332,43.292816],[-2.9188589,43.29281592],[-2.91876801,43.29281586],[-2.91866359,43.29281578],[-2.9185473,43.2928022],[-2.9184232,43.29280661],[-2.91829877,43.29283802],[-2.91818048,43.29285143],[-2.91808417,43.29282436],[-2.91803455,43.29277029],[-2.91800886,43.29271174],[-2.91800897,43.29262621],[-2.91802098,43.29258119],[-2.91804915,43.29252717],[-2.91809317,43.29245969],[-2.91813145,43.29236517],[-2.91813965,43.29227061],[-2.91812588,43.29218959],[-2.91804965,43.29215798],[-2.91797722,43.29215793],[-2.9179329,43.29218945],[-2.9178901,43.29220737],[-2.91778599,43.29227935],[-2.91768186,43.29236034],[-2.91762097,43.2923963],[-2.91753107,43.2924818],[-2.91744277,43.29255377],[-2.91737837,43.29259872],[-2.91729203,43.29263469],[-2.91722184,43.29265714],[-2.91713133,43.29267961],[-2.91701109,43.29270652],[-2.9169167,43.29271995],[-2.91681228,43.29271987],[-2.91671792,43.2927063],[-2.91662783,43.29267924],[-2.91657277,43.29265666],[-2.91646114,43.29258005],[-2.91630337,43.29245386],[-2.91611753,43.29228717],[-2.91597517,43.292161],[-2.91591637,43.29208888],[-2.91590068,43.29198984],[-2.91595045,43.29192684],[-2.91604688,43.29185937],[-2.91612746,43.29179191],[-2.91614293,43.29174689],[-2.91610915,43.29167033],[-2.91601152,43.29151266],[-2.91593503,43.29139557],[-2.91585042,43.29127844],[-2.91573892,43.2911478],[-2.91569314,43.29109373],[-2.91559278,43.29097659],[-2.91553009,43.29088649],[-2.91548931,43.29083694],[-2.91544818,43.29076938],[-2.91542131,43.29071983],[-2.91539675,43.29067926],[-2.9153725,43.29063426],[-2.91535675,43.29059372],[-2.91534798,43.29054867],[-2.91534111,43.29051265],[-2.91533229,43.29047213],[-2.91532966,43.29044063],[-2.91532428,43.29041808],[-2.91531934,43.29040009],[-2.91531547,43.29036859],[-2.91531746,43.29033706],[-2.91531366,43.29029202],[-2.91530219,43.29021998],[-2.91526571,43.29016592],[-2.9151191,43.29007128],[-2.91496468,43.28998561],[-2.91482454,43.28993597],[-2.91471483,43.28989537],[-2.91457159,43.28985927],[-2.9144256,43.28983212],[-2.91411596,43.28978685],[-2.91376897,43.2897461],[-2.91351628,43.28971887],[-2.91322163,43.28970515],[-2.91287959,43.28968238],[-2.91293564,43.2892727],[-2.91326433,43.28918741],[-2.91352485,43.28912008],[-2.91366861,43.28907966],[-2.91382698,43.28902578],[-2.91393646,43.28897633],[-2.91400976,43.28890885],[-2.9140568,43.28885485],[-2.91407383,43.28880535],[-2.91406811,43.2887603],[-2.91395687,43.28871521],[-2.91336813,43.28852567],[-2.91312484,43.28843992],[-2.91291728,43.28836772],[-2.91274903,43.28831354],[-2.91250187,43.28820984],[-2.91191165,43.28800679],[-2.91164647,43.28811009],[-2.9111477,43.28806472],[-2.91078837,43.28804641],[-2.91053956,43.28799671],[-2.90993295,43.2879602],[-2.91089832,43.2868759],[-2.91064995,43.28681717],[-2.91044125,43.28678551],[-2.91027293,43.28676734],[-2.91011541,43.28672672],[-2.90967603,43.28665886],[-2.90940837,43.28662709],[-2.90927626,43.28661349],[-2.90866779,43.28650494],[-2.90873912,43.28647348],[-2.90879233,43.2864465],[-2.9088652,43.28640604],[-2.90894768,43.2863476],[-2.90899516,43.2862981],[-2.90906534,43.28623512],[-2.90909968,43.28619462],[-2.90915913,43.28611363],[-2.90922938,43.28602816],[-2.90926448,43.28598765],[-2.90928762,43.28597415],[-2.90933159,43.28596521],[-2.90937276,43.28596074],[-2.90940358,43.28594727],[-2.90942251,43.28591575],[-2.90947353,43.28579872],[-2.90955465,43.28563672],[-2.90967593,43.28544772],[-2.90990505,43.28551093],[-2.91011485,43.28557413],[-2.91028308,43.2856373],[-2.91045591,43.28570496],[-2.91061373,43.28577262],[-2.91078044,43.28584479],[-2.91095869,43.28588996],[-2.91141119,43.28597135],[-2.91155217,43.28598046],[-2.91177399,43.28599413],[-2.9120385,43.28580073],[-2.91220044,43.28569731],[-2.91255044,43.2855265],[-2.91300264,43.28581498],[-2.91320278,43.28593219],[-2.91358469,43.28606305],[-2.91388535,43.28618484],[-2.91417911,43.28629763],[-2.91456869,43.28644649],[-2.91517323,43.28661355],[-2.91516642,43.28651897],[-2.91516149,43.28646945],[-2.91517735,43.28642895],[-2.91518125,43.2863839],[-2.91515663,43.2863569],[-2.91515054,43.28632086],[-2.91516249,43.28629387],[-2.91518295,43.28624886],[-2.91520652,43.28622187],[-2.91522971,43.28617686],[-2.91525746,43.28614988],[-2.91529447,43.28611387],[-2.91529223,43.28609137],[-2.91531651,43.28605985],[-2.91534815,43.28603288],[-2.91535206,43.28599685],[-2.91534941,43.28596535],[-2.91536603,43.28593832],[-2.91538532,43.28589785],[-2.91539923,43.28586632],[-2.91540584,43.28583033],[-2.9154132,43.28580329],[-2.91542285,43.2857808],[-2.91543406,43.28576281],[-2.91542828,43.28574478],[-2.91542987,43.28571778],[-2.91544108,43.28568625],[-2.91545074,43.28567276],[-2.91545228,43.28565026],[-2.91544075,43.28562775],[-2.91540963,43.28557819],[-2.91539502,43.28555115],[-2.91538084,43.28552864],[-2.91537817,43.28550614],[-2.91537008,43.2854791],[-2.91536245,43.2854521],[-2.91536516,43.28542056],[-2.91536636,43.28539357],[-2.91536798,43.28535303],[-2.91536689,43.28532602],[-2.91537345,43.28527201],[-2.91537041,43.28524047],[-2.91535779,43.28520896],[-2.91524143,43.28523136],[-2.91513774,43.28525833],[-2.91506186,43.28526277],[-2.91495669,43.28526719],[-2.91487428,43.28527613],[-2.91476953,43.28526705],[-2.91469673,43.285267],[-2.9144899,43.28524885],[-2.91437161,43.28524876],[-2.9142657,43.28524418],[-2.91412128,43.28522153],[-2.91400962,43.28521694],[-2.91391836,43.28520338],[-2.91376928,43.28519427],[-2.9136464,43.28518517],[-2.91355472,43.2851851],[-2.91347122,43.2851625],[-2.91339261,43.28514444],[-2.91328287,43.28513086],[-2.9132259,43.28511278],[-2.91314776,43.28508573],[-2.91305917,43.28505866],[-2.91300146,43.28502706],[-2.91292987,43.28499103],[-2.91287944,43.28495046],[-2.91283021,43.28491888],[-2.91276058,43.28485578],[-2.91279993,43.28480631],[-2.91288819,43.28476136],[-2.91300964,43.28470742],[-2.91309289,43.28467599],[-2.91344823,43.28452766],[-2.91367558,43.2844468],[-2.91387677,43.28437942],[-2.9141053,43.28430306],[-2.91434648,43.28424021],[-2.91456035,43.28416384],[-2.91465253,43.28410537],[-2.91475196,43.2840469],[-2.91488113,43.28395695],[-2.91502687,43.28386252],[-2.91511166,43.28380855],[-2.91521147,43.28377263],[-2.91533371,43.28369165],[-2.9154262,43.28366022],[-2.91551869,43.28361526],[-2.91559654,43.28358382],[-2.91571676,43.28353437],[-2.91580699,43.2835074],[-2.91591142,43.28343995],[-2.91595617,43.28339049],[-2.91601675,43.2833365],[-2.91639166,43.28294508],[-2.91645876,43.28287306],[-2.916544,43.28278309],[-2.9165896,43.28270209],[-2.91656119,43.28262104],[-2.91653005,43.28257598],[-2.91505505,43.28082344],[-2.91496611,43.28052627],[-2.91500872,43.2803237],[-2.91529805,43.27999072],[-2.91530212,43.27982866],[-2.91516686,43.27962146],[-2.91513769,43.27954037],[-2.91517866,43.27945037],[-2.91582409,43.27868095],[-2.91670292,43.27678161],[-2.91697932,43.27603445],[-2.9170747,43.27583192],[-2.91735179,43.27512073],[-2.91746465,43.27483719],[-2.9179255,43.27381099],[-2.91857261,43.27402756],[-2.919237,43.27423516],[-2.92001344,43.27451484],[-2.92228239,43.27521878],[-2.92258073,43.27532705],[-2.92330972,43.27566971],[-2.92353214,43.27582292],[-2.92376006,43.27591764],[-2.92395442,43.27600781],[-2.92432667,43.27611612],[-2.92470126,43.27625595],[-2.92486641,43.2763146],[-2.92709112,43.27712196],[-2.92720886,43.27716253],[-2.92732744,43.27720314],[-2.92742024,43.2772302],[-2.92757618,43.27727083],[-2.92771055,43.27732495],[-2.92782256,43.27736552],[-2.92793722,43.27743762],[-2.92807387,43.27751878],[-2.92815045,43.27756383],[-2.92829245,43.27764947],[-2.92837409,43.27770809],[-2.92840912,43.27768556],[-2.92846464,43.27764958],[-2.92852396,43.2776091],[-2.92859027,43.27758214],[-2.92865419,43.2775732],[-2.92872696,43.27759121],[-2.92880162,43.27763631],[-2.92886165,43.27767234],[-2.92978845,43.27822222],[-2.93324751,43.27815228],[-2.93333685,43.27816133],[-2.93508564,43.27829291],[-2.93714195,43.27899643],[-2.93754625,43.27908219],[-2.93837876,43.27926724],[-2.93874182,43.27935297],[-2.93890242,43.27940709],[-2.93908575,43.27943872],[-2.93927865,43.27947032],[-2.93949157,43.27954247],[-2.93968564,43.27960111],[-2.93983503,43.27964172],[-2.9400037,43.27965529],[-2.94261299,43.27982326],[-2.94306971,43.27986849],[-2.94346447,43.27988672],[-2.94369555,43.27989584],[-2.94388238,43.27987339],[-2.94394474,43.27990946],[-2.94397285,43.27992297],[-2.94404364,43.27995904],[-2.94411948,43.2799951],[-2.9442192,43.28004016],[-2.94427773,43.28006719],[-2.94434474,43.28009876],[-2.94444174,43.2801258],[-2.94452379,43.28015288],[-2.9446046,43.28018441],[-2.94469394,43.280207],[-2.94477519,43.28023853],[-2.94482485,43.28024756],[-2.94487921,43.28023407],[-2.94495356,43.28021612],[-2.945199,43.28011717],[-2.94521551,43.28016672],[-2.94524586,43.28022076],[-2.94527051,43.28025677],[-2.94530667,43.28030183],[-2.94534243,43.28032884],[-2.94539864,43.2803694],[-2.9454522,43.28039193],[-2.94552569,43.2804325],[-2.94558,43.28047306],[-2.9456292,43.28052258],[-2.9457008,43.28059468],[-2.94580199,43.28070726],[-2.94584274,43.28075231],[-2.94591854,43.28084236],[-2.94596898,43.28089194],[-2.94602444,43.280946],[-2.94607555,43.28100456],[-2.94612982,43.28106312],[-2.94618217,43.28111715],[-2.94625686,43.28117572],[-2.946405,43.28126585],[-2.94651321,43.28132891],[-2.94670681,43.28145058],[-2.94730914,43.28195513],[-2.94795304,43.28252273],[-2.94902153,43.28349119],[-2.94903145,43.28355874],[-2.94902596,43.28363977],[-2.94902934,43.28375234],[-2.9489942,43.28388289],[-2.94896787,43.28402244],[-2.94893041,43.28414399],[-2.94888329,43.28428354],[-2.94877952,43.28448609],[-2.94844248,43.28532336],[-2.94836924,43.28547643],[-2.94828507,43.28563395],[-2.94823222,43.28574199],[-2.94818014,43.28582749],[-2.94811806,43.28592203],[-2.94804942,43.28601654],[-2.94798386,43.28611108],[-2.94791712,43.28621458],[-2.94781149,43.2863406],[-2.94768963,43.28649364],[-2.94751568,43.28674569],[-2.94742272,43.28687623],[-2.94734402,43.28703824],[-2.94726878,43.28716877],[-2.94721318,43.28729031],[-2.9471468,43.28741635],[-2.94708935,43.28750639],[-2.94707041,43.28756488],[-2.94702916,43.28762339],[-2.94699716,43.28766841],[-2.94687082,43.28762782],[-2.94676598,43.28770884],[-2.94668583,43.2877403],[-2.94659915,43.28777629],[-2.94653131,43.28782125],[-2.94646961,43.28787976],[-2.94638943,43.28793825],[-2.94629077,43.28800124],[-2.94614898,43.28810024],[-2.94601326,43.28819471],[-2.94588957,43.28823968],[-2.94579709,43.28827567],[-2.94571076,43.28832512],[-2.94563673,43.28839262],[-2.9456055,43.28842414],[-2.94553843,43.28849164],[-2.94574822,43.28866734],[-2.94585326,43.28874393],[-2.94592719,43.288798],[-2.94619248,43.28894218],[-2.94656285,43.28914046],[-2.94698253,43.28937479],[-2.94737611,43.28953704],[-2.94766994,43.28962274],[-2.94789288,43.28971287],[-2.94798379,43.28973992],[-2.94850094,43.28995179],[-2.9490451,43.29017263],[-2.94932311,43.29028532],[-2.94905246,43.29054635],[-2.94888749,43.29070382],[-2.94885624,43.29072634],[-2.9488308,43.29078486],[-2.94872512,43.29089286],[-2.94850424,43.29104585],[-2.94831426,43.29114479],[-2.94820363,43.29120327],[-2.9480934,43.29126175],[-2.94798239,43.29135627],[-2.94795268,43.29138774],[-2.94787713,43.29145526],[-2.94779733,43.29154078],[-2.94772946,43.29164428],[-2.94767811,43.29172529],[-2.94761054,43.29190986],[-2.94755418,43.2920314],[-2.94740527,43.29227896],[-2.94713261,43.29261201],[-2.94708285,43.29269304],[-2.94706389,43.29278307],[-2.94705643,43.2929451],[-2.94702477,43.29306218],[-2.94690717,43.29319719],[-2.94678335,43.29335473],[-2.94644945,43.29369673],[-2.94628777,43.29395779],[-2.94609527,43.29425036],[-2.94595825,43.29450243],[-2.94585826,43.29474101],[-2.94580764,43.29494359],[-2.94320592,43.29510437],[-2.94299204,43.2951583],[-2.94297045,43.29519432],[-2.94266891,43.2954553],[-2.94251736,43.29563079],[-2.94237236,43.29577031],[-2.94233216,43.29588282],[-2.94232093,43.29595033],[-2.94225608,43.2960674],[-2.94221708,43.29619791],[-2.94220502,43.29629247],[-2.94222502,43.29636901],[-2.94220758,43.29646355],[-2.94214816,43.29655359],[-2.94212845,43.29662111],[-2.94211026,43.29668414],[-2.94211175,43.29676967],[-2.94209202,43.29685073],[-2.94203533,43.29691823],[-2.9420099,43.29694972],[-2.94195081,43.29703522],[-2.94183738,43.29720176],[-2.94177636,43.29737732],[-2.94168335,43.29753483],[-2.94163892,43.29767438],[-2.94161335,43.29780943],[-2.94157551,43.29794902],[-2.94154991,43.29807507],[-2.94153046,43.29824162],[-2.9415173,43.29834968],[-2.94153448,43.29846676],[-2.94155206,43.29861983],[-2.94159396,43.29873692],[-2.94159972,43.29875942],[-2.94126199,43.29898438],[-2.94134747,43.29905195],[-2.94143253,43.29914203],[-2.94147482,43.29922312],[-2.94149291,43.29925913],[-2.9415044,43.29933116],[-2.94146646,43.29950676],[-2.94138498,43.2996913],[-2.9413229,43.2997813],[-2.94129776,43.29984432],[-2.94129727,43.29994339],[-2.94135106,43.30009198],[-2.94164835,43.30065943],[-2.94171216,43.30078102],[-2.94185205,43.3007856],[-2.94199184,43.3008307],[-2.94214397,43.30090731],[-2.9427928,43.30128134],[-2.94255659,43.30172245],[-2.94197998,43.30154656],[-2.94114442,43.30142456],[-2.94099407,43.30146951],[-2.94077589,43.30160897],[-2.94028423,43.30123051],[-2.94035177,43.30115851],[-2.94045587,43.30109554],[-2.94055374,43.30104155],[-2.94067637,43.30097408],[-2.94081703,43.30089762],[-2.94070737,43.300776],[-2.94030093,43.30033006],[-2.9389001,43.30029778],[-2.93847709,43.30030205],[-2.9384397,43.30030203],[-2.93792764,43.30028825],[-2.93749158,43.30023398],[-2.93722429,43.3001348],[-2.93598811,43.29994051],[-2.93563262,43.29982322],[-2.93504305,43.29958427],[-2.9336369,43.29912873],[-2.93305401,43.29906985],[-2.93270187,43.29907865],[-2.93266914,43.29908313],[-2.93267215,43.2991507],[-2.93267249,43.2991597],[-2.93272592,43.29929479],[-2.93270693,43.29938481],[-2.93273131,43.29962346],[-2.93276607,43.30024031],[-2.93279151,43.30056899],[-2.93327448,43.30076287],[-2.93378009,43.30101081],[-2.93434961,43.30128126],[-2.93512561,43.30161937],[-2.93623006,43.30212874],[-2.93667139,43.3023226],[-2.93724096,43.30259755],[-2.93744988,43.30289033],[-2.93752188,43.3033226],[-2.94004032,43.30363009],[-2.94000784,43.30372014],[-2.93999736,43.30379666],[-2.93995611,43.30382818],[-2.93990753,43.30383265],[-2.93980739,43.3038506],[-2.93974184,43.30387306],[-2.93970979,43.30390008],[-2.93970242,43.30394507],[-2.93965451,43.30408915],[-2.93960042,43.30422868],[-2.93955756,43.30431869],[-2.93950849,43.30445373],[-2.9394942,43.30452126],[-2.93951223,43.30460233],[-2.93954337,43.30465184],[-2.93958032,43.3046879],[-2.93958105,43.3047149],[-2.93956869,43.30475093],[-2.9398487,43.30448095],[-2.94008133,43.3045711],[-2.93953445,43.30510656],[-2.93966963,43.30516517],[-2.93980483,43.30522379],[-2.94036828,43.30467932],[-2.94059082,43.30486403],[-2.94003048,43.3053725],[-2.94068238,43.30580954],[-2.9407514,43.30575558],[-2.94082272,43.30569708],[-2.94090216,43.30564759],[-2.94097387,43.30559809],[-2.94104985,43.3055531],[-2.94111689,43.30550814],[-2.94118243,43.30546764],[-2.94129384,43.30542266],[-2.94139792,43.30537321],[-2.94144262,43.3053642],[-2.9414264,43.30543626],[-2.94143251,43.30548576],[-2.94146559,43.30553531],[-2.94150714,43.30561186],[-2.9415533,43.30570646],[-2.94155077,43.30592255],[-2.94149177,43.30599005],[-2.94141655,43.30608008],[-2.94135129,43.30617008],[-2.94125179,43.30627809],[-2.94113843,43.30636357],[-2.94105362,43.30642205],[-2.94093138,43.30649402],[-2.94081762,43.30657048],[-2.9407698,43.306629],[-2.94074465,43.30671456],[-2.9407319,43.30678208],[-2.94073449,43.30687212],[-2.9406559,43.30687208],[-2.9405765,43.30688554],[-2.94049516,43.30690803],[-2.94040422,43.30693948],[-2.93999176,43.30710136],[-2.93983976,43.30690768],[-2.94019446,43.30670073],[-2.93999073,43.3065836],[-2.94009846,43.30633153],[-2.93921357,43.30618245],[-2.93937691,43.30584488],[-2.9390714,43.30578168],[-2.93892655,43.3057636],[-2.93891223,43.30581313],[-2.93889251,43.30588513],[-2.9388743,43.30596617],[-2.93884223,43.30606972],[-2.93881864,43.30613273],[-2.93879931,43.30620026],[-2.93878111,43.30626779],[-2.93874525,43.30632631],[-2.93871516,43.30638478],[-2.9386622,43.30648382],[-2.93861434,43.30656931],[-2.93856381,43.30664133],[-2.93850401,43.30669533],[-2.93840416,43.30674481],[-2.93828043,43.30678977],[-2.93814593,43.30684373],[-2.93803412,43.30687967],[-2.93793426,43.30694263],[-2.93782512,43.30704166],[-2.93776108,43.30713165],[-2.93773716,43.30719468],[-2.9374621,43.30707296],[-2.93735892,43.30702337],[-2.93725528,43.30698281],[-2.93714861,43.30693322],[-2.93705193,43.30690166],[-2.93695179,43.30686558],[-2.93684934,43.30681599],[-2.93667945,43.30677084],[-2.9365454,43.30671678],[-2.93640288,43.30666717],[-2.93627656,43.30663106],[-2.93609471,43.30660396],[-2.93600264,43.30655888],[-2.93601582,43.30651839],[-2.93604633,43.30646438],[-2.93606945,43.30641485],[-2.93608766,43.30635183],[-2.93611357,43.30627981],[-2.93612364,43.30621679],[-2.93612256,43.30615825],[-2.93609488,43.3060727],[-2.93605993,43.30597362],[-2.93604151,43.30591507],[-2.93600497,43.30585202],[-2.93595106,43.305816],[-2.93585629,43.30579791],[-2.93574994,43.30577985],[-2.93569333,43.30577532],[-2.93560777,43.30577976],[-2.93550449,43.30577521],[-2.93543939,43.30578417],[-2.93539313,43.30577964],[-2.93530531,43.30577059],[-2.93519513,43.30575703],[-2.93513421,43.30581103],[-2.93506901,43.30587853],[-2.93501035,43.30592799],[-2.93495983,43.30598649],[-2.93489002,43.30604499],[-2.93485108,43.30609],[-2.93474274,43.30617097],[-2.93471262,43.30621148],[-2.93467553,43.30627449],[-2.93464387,43.30636449],[-2.93460135,43.30647704],[-2.93458199,43.30655807],[-2.93453845,43.30656254],[-2.93438354,43.30657145],[-2.93426562,43.30656687],[-2.93412612,43.30656679],[-2.93402636,43.30653526],[-2.93392119,43.30650815],[-2.93377481,43.30647207],[-2.93361843,43.30645398],[-2.93345235,43.30642235],[-2.9332451,43.30639523],[-2.93318756,43.30650772],[-2.93312808,43.30662924],[-2.9330802,43.30671929],[-2.9330323,43.30682729],[-2.93299557,43.30693084],[-2.93298551,43.30698937],[-2.93304907,43.30701641],[-2.93314457,43.30706599],[-2.93325396,43.30711559],[-2.93343649,43.30719673],[-2.93338317,43.30730926],[-2.93317272,43.30775487],[-2.93295892,43.30768721],[-2.93283952,43.3076511],[-2.9327174,43.3076015],[-2.9325822,43.30754742],[-2.93243545,43.3074933],[-2.93229641,43.30744368],[-2.93215621,43.30739857],[-2.93202256,43.30736249],[-2.93191242,43.30732639],[-2.9319842,43.30721387],[-2.93207569,43.30704286],[-2.9321541,43.3068898],[-2.93223096,43.30671879],[-2.93234877,43.30646673]],[[-2.91989546,43.28913825],[-2.91982074,43.2891382],[-2.91975101,43.28914265],[-2.9196389,43.28917411],[-2.91958142,43.28920557],[-2.91953555,43.28922807],[-2.91949009,43.28924153],[-2.91945075,43.28924601],[-2.91940338,43.28925497],[-2.91933903,43.28927743],[-2.9192577,43.2893089],[-2.91918756,43.28934488],[-2.91913203,43.28939884],[-2.91904176,43.28946181],[-2.91899281,43.28950231],[-2.9189365,43.2895473],[-2.91889178,43.28957877],[-2.91882391,43.28962375],[-2.91874874,43.2896552],[-2.91866631,43.28967318],[-2.91859384,43.28968662],[-2.91850523,43.28968656],[-2.91842515,43.2896865],[-2.91830493,43.28968192],[-2.91746363,43.28969931],[-2.91737313,43.28993786],[-2.91755341,43.2899695],[-2.91767738,43.29001913],[-2.91779251,43.29006422],[-2.91787371,43.29011384],[-2.91795758,43.29018145],[-2.91802721,43.29025799],[-2.91807833,43.2903166],[-2.91812491,43.29037065],[-2.91815024,43.29042015],[-2.91899695,43.29041175],[-2.91904125,43.29014617],[-2.91905749,43.29010115],[-2.91908062,43.29006067],[-2.91912035,43.29003366],[-2.91917162,43.29001568],[-2.91920632,43.29000673],[-2.92032635,43.28982292],[-2.9202741,43.28974635],[-2.92021636,43.28969228],[-2.92018829,43.28964722],[-2.92016948,43.28959317],[-2.92014762,43.28955716],[-2.92011877,43.28949411],[-2.92009039,43.28942206],[-2.92008389,43.28937252],[-2.92006166,43.28930497],[-2.92001817,43.28923741],[-2.91997436,43.28917434],[-2.91989546,43.28913825]]]]}},{"type":"Feature","properties":{"code":"ine-4890501","name":"Zamudio · dystrykt 1","city":"zamudio","cityName":"Zamudio","district":1,"income":18046,"income_prev":16485,"income_year":2023},"geometry":{"type":"MultiPolygon","coordinates":[[[[-2.90814545,43.28197522],[-2.90818717,43.28189868],[-2.90902852,43.28204796],[-2.90906962,43.28210653],[-2.90913162,43.28214256],[-2.90923519,43.28215615],[-2.90936611,43.28218329],[-2.90949705,43.2821924],[-2.90948984,43.28239049],[-2.90812427,43.28222729],[-2.90809016,43.28211474],[-2.90809718,43.28205171],[-2.90814545,43.28197522]]],[[[-2.86429298,43.31868961],[-2.86182311,43.3183007],[-2.86129432,43.31838011],[-2.86009971,43.3185359],[-2.85922626,43.3186549],[-2.85812992,43.31863925],[-2.8575926,43.31863058],[-2.85697878,43.31862067],[-2.85617328,43.31814507],[-2.85528569,43.31762076],[-2.85430819,43.31704201],[-2.85379285,43.31641238],[-2.85266062,43.31506721],[-2.85215862,43.31540964],[-2.85093051,43.3148677],[-2.85051595,43.31467561],[-2.85013265,43.31450929],[-2.84933892,43.31407082],[-2.84846309,43.31358936],[-2.84827635,43.31352926],[-2.84881478,43.31426993],[-2.84772814,43.31456565],[-2.84742032,43.31451571],[-2.84715513,43.31438029],[-2.84690347,43.31422685],[-2.84663247,43.31411846],[-2.84630319,43.31402795],[-2.8460348,43.31396905],[-2.8457451,43.31390563],[-2.84544762,43.31375666],[-2.8446016,43.31335031],[-2.84445956,43.31329609],[-2.84422573,43.31326423],[-2.84392826,43.31325933],[-2.84349166,43.31324523],[-2.84325355,43.31323141],[-2.84290414,43.31318139],[-2.84296342,43.3130824],[-2.84297976,43.3130059],[-2.84301236,43.31292041],[-2.8431733,43.31282607],[-2.84331241,43.31267319],[-2.84340604,43.31252476],[-2.84482011,43.31094188],[-2.84338525,43.30997193],[-2.84079401,43.30874372],[-2.83860591,43.30764659],[-2.83680974,43.30671655],[-2.8351443,43.30588572],[-2.8348626,43.30575476],[-2.83412633,43.30544752],[-2.8333813,43.30511778],[-2.83095306,43.30415071],[-2.82970893,43.3035951],[-2.82767221,43.30278162],[-2.82731695,43.30279456],[-2.82715623,43.30267727],[-2.83007129,43.29939949],[-2.83232768,43.29778651],[-2.83403462,43.2962942],[-2.8378736,43.29355787],[-2.83941933,43.29204726],[-2.83953671,43.2918043],[-2.83959403,43.29168282],[-2.83977993,43.29130488],[-2.84017426,43.29033294],[-2.84027635,43.29004496],[-2.84037189,43.28988749],[-2.84062922,43.28946016],[-2.84079866,43.28918571],[-2.84087222,43.28903277],[-2.84099551,43.28872678],[-2.84127859,43.28728195],[-2.84130485,43.28694878],[-2.84132327,43.28683628],[-2.84143685,43.28684544],[-2.84148692,43.28685001],[-2.84153625,43.28685908],[-2.84158707,43.28685915],[-2.84163714,43.28686372],[-2.84168722,43.28686379],[-2.84173806,43.28686386],[-2.84179008,43.28685943],[-2.84184093,43.28685501],[-2.84189098,43.28684607],[-2.84193842,43.28683713],[-2.84199312,43.28682818],[-2.84204481,43.28681474],[-2.84209528,43.28680132],[-2.84214541,43.28678339],[-2.84219361,43.28676996],[-2.84224409,43.28675199],[-2.84230236,43.28672957],[-2.84235903,43.28671165],[-2.84241758,43.2866892],[-2.8424743,43.28666227],[-2.84252868,43.28663986],[-2.84258459,43.2866129],[-2.84262234,43.28659945],[-2.84266092,43.28657701],[-2.84269991,43.28655453],[-2.8427358,43.28653657],[-2.84277475,43.28651863],[-2.84281174,43.28649615],[-2.84285689,43.2864692],[-2.84290047,43.28644677],[-2.84294563,43.2864198],[-2.84298997,43.28639285],[-2.8430332,43.28637039],[-2.84307831,43.28634345],[-2.84312462,43.28631648],[-2.84317056,43.28628954],[-2.84321644,43.2862626],[-2.84326271,43.28623564],[-2.84330786,43.2862087],[-2.84335302,43.28618172],[-2.8433958,43.28615479],[-2.84343714,43.28612331],[-2.84347724,43.28609636],[-2.84351931,43.28606943],[-2.84356135,43.28603794],[-2.84360417,43.28601551],[-2.84363542,43.28599751],[-2.84366593,43.28597956],[-2.84369791,43.2859616],[-2.84372992,43.28594365],[-2.84376198,43.28592565],[-2.84379589,43.2859077],[-2.8438329,43.28588975],[-2.84387073,43.28587631],[-2.84391046,43.28585833],[-2.84394823,43.28584488],[-2.84398754,43.28583143],[-2.84402646,43.28581349],[-2.84406658,43.28580001],[-2.84410863,43.28578207],[-2.84415023,43.28576412],[-2.84419188,43.28574618],[-2.84423201,43.2857282],[-2.84427058,43.28571026],[-2.84431684,43.28568332],[-2.844362,43.28565634],[-2.84440483,43.28562941],[-2.84444766,43.28560243],[-2.84448854,43.28557099],[-2.84452757,43.28553951],[-2.84456038,43.28551255],[-2.84459242,43.28548106],[-2.84462289,43.2854496],[-2.84465267,43.28541811],[-2.84468086,43.28538665],[-2.84470942,43.28535067],[-2.84473843,43.2853192],[-2.84476892,43.2852832],[-2.84479596,43.28525172],[-2.84482498,43.28521575],[-2.84485123,43.28517978],[-2.84487601,43.28514378],[-2.84489841,43.28510782],[-2.84491896,43.28507631],[-2.84494061,43.2850403],[-2.84495956,43.28500434],[-2.84497697,43.28496832],[-2.84499322,43.28493235],[-2.84500912,43.28489183],[-2.84502236,43.28484682],[-2.84503362,43.28481083],[-2.84504454,43.28476582],[-2.84505619,43.28472533],[-2.84506785,43.28468031],[-2.84508183,43.2846308],[-2.8450978,43.28457679],[-2.84511173,43.28452727],[-2.84512767,43.28447328],[-2.84514245,43.28441929],[-2.84516149,43.28436528],[-2.84556481,43.28404616],[-2.84560032,43.28401921],[-2.84563237,43.28399222],[-2.84566478,43.28396526],[-2.84569604,43.28393827],[-2.84572615,43.28391132],[-2.84575585,43.28388432],[-2.84578561,43.28385736],[-2.84581457,43.2838259],[-2.84584083,43.28380338],[-2.84586786,43.28377194],[-2.84589606,43.28374044],[-2.84592153,43.28371348],[-2.845949,43.28368198],[-2.84597833,43.28365052],[-2.84600806,43.28361453],[-2.84603704,43.28358307],[-2.84606679,43.28354708],[-2.84609576,43.28351112],[-2.84612355,43.28347964],[-2.84571723,43.28333951],[-2.8458989,43.28292102],[-2.84590357,43.28291203],[-2.84592289,43.28287606],[-2.84594688,43.28283555],[-2.84597161,43.28279505],[-2.84599133,43.28276358],[-2.84601028,43.28273657],[-2.84603192,43.2827051],[-2.84605244,43.28267813],[-2.84607563,43.28265111],[-2.84609842,43.28261966],[-2.84611735,43.28260165],[-2.84613896,43.28257918],[-2.84616018,43.28255221],[-2.8461826,43.28252971],[-2.84620305,43.28251173],[-2.84622047,43.28248926],[-2.84626062,43.28244428],[-2.84631703,43.28237682],[-2.84633174,43.28235434],[-2.84634761,43.28233183],[-2.84636229,43.28230935],[-2.84637809,43.28228684],[-2.84639202,43.28226886],[-2.84641675,43.28223289],[-2.84644228,43.28219689],[-2.84646624,43.28216543],[-2.84649254,43.28212943],[-2.8465165,43.28209343],[-2.84653971,43.28206196],[-2.8465617,43.28202595],[-2.84658068,43.28199898],[-2.84660154,43.28196297],[-2.84662206,43.2819315],[-2.8466418,43.28189551],[-2.8466615,43.28186852],[-2.84668391,43.28183252],[-2.84670637,43.28179653],[-2.84672842,43.28176055],[-2.84675006,43.28172908],[-2.84677403,43.28169308],[-2.84679606,43.28166161],[-2.8468177,43.2816301],[-2.84683744,43.28159863],[-2.84685712,43.28157162],[-2.84687957,43.28154015],[-2.84690003,43.28151314],[-2.84692398,43.28148618],[-2.84695527,43.28145019],[-2.84698888,43.28141424],[-2.84702441,43.28137825],[-2.84705915,43.2813468],[-2.84709621,43.28131081],[-2.84713208,43.28127937],[-2.84716376,43.28125237],[-2.84719502,43.28122541],[-2.84722707,43.28119842],[-2.84725755,43.28117596],[-2.84728884,43.28114901],[-2.84731851,43.28112201],[-2.84734053,43.28109954],[-2.84736295,43.28107707],[-2.84738416,43.28105457],[-2.847405,43.28103659],[-2.8474247,43.28101412],[-2.84744288,43.28099161],[-2.84746416,43.28096014],[-2.84748157,43.28092411],[-2.84749746,43.28088816],[-2.84751061,43.28085663],[-2.84752533,43.28082066],[-2.84754049,43.28078464],[-2.84755866,43.28074413],[-2.84757689,43.28069916],[-2.84759396,43.28065415],[-2.84761138,43.28061364],[-2.84763304,43.28057317],[-2.84765778,43.28053267],[-2.84768057,43.2805012],[-2.84770611,43.2804652],[-2.84773162,43.28043824],[-2.84776057,43.28040674],[-2.84778953,43.28037528],[-2.84782005,43.28034379],[-2.84784708,43.28031682],[-2.84787528,43.28029433],[-2.84790379,43.28026737],[-2.8479347,43.28024037],[-2.84796323,43.28021791],[-2.84799606,43.28019096],[-2.84863164,43.2798451],[-2.84852343,43.27860233],[-2.84743639,43.27635873],[-2.85407468,43.27452598],[-2.85420805,43.27431005],[-2.85427782,43.2742831],[-2.85440613,43.27424277],[-2.85454228,43.27417992],[-2.85462097,43.27411697],[-2.85469856,43.27404954],[-2.85478618,43.27395058],[-2.8548784,43.27388767],[-2.85497284,43.27384723],[-2.8551717,43.2737935],[-2.85539168,43.27374876],[-2.85561275,43.27373554],[-2.85578105,43.27373575],[-2.85593552,43.27373144],[-2.85605186,43.27371356],[-2.85616051,43.27368219],[-2.85646577,43.27358801],[-2.85665381,43.27353873],[-2.85677706,43.27352537],[-2.85684255,43.27351645],[-2.85717522,43.27354841],[-2.85723461,43.27351695],[-2.85756749,43.27313466],[-2.85779346,43.27251815],[-2.85789089,43.27201851],[-2.8579054,43.2717484],[-2.85792132,43.27135219],[-2.85793629,43.27088847],[-2.85793468,43.27076689],[-2.85793988,43.27067688],[-2.85797058,43.27055535],[-2.85803022,43.27041585],[-2.85813845,43.2702359],[-2.85848097,43.26965103],[-2.85890588,43.26892669],[-2.859257,43.2683193],[-2.85941233,43.26807636],[-2.8598542,43.26749611],[-2.86029372,43.26692485],[-2.86071778,43.26637611],[-2.86099934,43.26600725],[-2.86115108,43.26582284],[-2.86118205,43.26576434],[-2.8612037,43.26571933],[-2.86121801,43.26568785],[-2.86137123,43.26536387],[-2.86341027,43.26068393],[-2.86427329,43.26095959],[-2.86537403,43.26132109],[-2.86662493,43.26173676],[-2.86747674,43.26201688],[-2.86855715,43.26236933],[-2.86919806,43.2626447],[-2.87044864,43.26319993],[-2.8713065,43.26339],[-2.8715136,43.26343077],[-2.87168673,43.26348946],[-2.87243702,43.26374243],[-2.87377414,43.26418516],[-2.87468064,43.26434826],[-2.87583962,43.26455213],[-2.87638888,43.26465173],[-2.87708441,43.26477407],[-2.87781847,43.26488743],[-2.8786604,43.2650054],[-2.87984448,43.26517775],[-2.8802552,43.26523216],[-2.88051962,43.26530452],[-2.88155749,43.26543617],[-2.88240591,43.26556312],[-2.88266453,43.26563542],[-2.88292281,43.26567618],[-2.88311106,43.26570791],[-2.88328578,43.26575312],[-2.88349979,43.26581182],[-2.88382101,43.26595627],[-2.88428113,43.26619534],[-2.88493278,43.26652019],[-2.88517704,43.26666451],[-2.88554678,43.26683144],[-2.88571804,43.26689465],[-2.88588117,43.26696234],[-2.88599538,43.26701649],[-2.88625818,43.26712932],[-2.88644861,43.26722404],[-2.88672182,43.26735492],[-2.88689224,43.2674361],[-2.88703223,43.26752629],[-2.88724229,43.26762556],[-2.88743817,43.26771129],[-2.88771371,43.26778809],[-2.88790573,43.26784232],[-2.88803353,43.26786948],[-2.88812436,43.26791007],[-2.88830362,43.26800031],[-2.88853177,43.26810406],[-2.88884966,43.26820344],[-2.88927568,43.26835242],[-2.88961278,43.26847432],[-2.89036707,43.26874067],[-2.89120406,43.26905664],[-2.89183749,43.26928688],[-2.89233278,43.26947645],[-2.89281579,43.26963447],[-2.89258816,43.27031411],[-2.89248376,43.27053911],[-2.8923037,43.27089912],[-2.89207393,43.27124559],[-2.89203145,43.27130408],[-2.89198744,43.27135807],[-2.89196,43.27140308],[-2.89137223,43.27212288],[-2.890339,43.27340055],[-2.88983064,43.27405289],[-2.88931644,43.27472325],[-2.88885204,43.27533959],[-2.88863655,43.27562753],[-2.88866862,43.27578064],[-2.88865002,43.27586165],[-2.88852843,43.27601914],[-2.88844584,43.27609111],[-2.88836445,43.27615852],[-2.8881593,43.27627991],[-2.88780889,43.27648666],[-2.88758171,43.27667553],[-2.88739068,43.27687344],[-2.88723722,43.27717046],[-2.88710939,43.27737293],[-2.88702018,43.27748541],[-2.88673528,43.27763819],[-2.88639376,43.27780893],[-2.88632658,43.27788539],[-2.88627137,43.27795739],[-2.8862892,43.27811501],[-2.88648765,43.27846185],[-2.88667605,43.27882226],[-2.88673722,43.27908345],[-2.8867431,43.27923652],[-2.88669078,43.27939409],[-2.88665789,43.27947507],[-2.88628933,43.27987542],[-2.88568751,43.28020796],[-2.88565507,43.28024846],[-2.88559416,43.28028893],[-2.88551037,43.28039236],[-2.88550052,43.28050044],[-2.88550667,43.28072104],[-2.88555277,43.28077062],[-2.88557973,43.28079315],[-2.88559354,43.28080669],[-2.88555875,43.28090119],[-2.8855215,43.28101822],[-2.88531612,43.28126563],[-2.8851898,43.28145914],[-2.88506104,43.28173812],[-2.88545986,43.28184658],[-2.88558578,43.28167113],[-2.88714685,43.28205987],[-2.88971822,43.28269722],[-2.89294553,43.28359175],[-2.89356443,43.28298904],[-2.89368632,43.28287657],[-2.89378902,43.28272358],[-2.89381192,43.28243548],[-2.89396,43.28188182],[-2.89403652,43.28173332],[-2.89415031,43.28161636],[-2.89425798,43.2815039],[-2.89434097,43.28139146],[-2.894454,43.28131048],[-2.89450681,43.2810494],[-2.89477046,43.28071198],[-2.8943967,43.28015335],[-2.89499724,43.27965866],[-2.89568946,43.27849767],[-2.89571592,43.278115],[-2.89588041,43.27761092],[-2.89639436,43.27684599],[-2.89663947,43.27653105],[-2.89685482,43.27626562],[-2.89712638,43.27645492],[-2.89757957,43.2767615],[-2.8981812,43.27717177],[-2.8987056,43.2775009],[-2.89875445,43.27754144],[-2.8991538,43.27778493],[-2.89931962,43.27788414],[-2.90010001,43.27830803],[-2.90033482,43.2783848],[-2.90064341,43.27854264],[-2.90091821,43.27867792],[-2.90109603,43.27875913],[-2.90124991,43.27884483],[-2.90144183,43.27900256],[-2.90169573,43.27920088],[-2.90192307,43.27937667],[-2.90204151,43.27949384],[-2.90213306,43.27959295],[-2.90222686,43.2796651],[-2.90235464,43.27972824],[-2.90249936,43.2797959],[-2.90274375,43.27988614],[-2.90286773,43.27993578],[-2.90300356,43.27999443],[-2.90307397,43.28003497],[-2.90312743,43.28010258],[-2.90314391,43.28014761],[-2.90319343,43.28023319],[-2.90327303,43.28031432],[-2.90333728,43.28037291],[-2.90337344,43.28042694],[-2.90323839,43.28055739],[-2.90341609,43.28047651],[-2.90453555,43.28083315],[-2.90452889,43.28089618],[-2.90455459,43.28097273],[-2.90459337,43.2810493],[-2.90462212,43.28111235],[-2.90468639,43.28117094],[-2.90472948,43.28120703],[-2.90479493,43.28123857],[-2.90500116,43.2813468],[-2.90582022,43.28169415],[-2.90589656,43.28165819],[-2.9058934,43.28170769],[-2.90587009,43.28185179],[-2.90586256,43.28196879],[-2.90585638,43.28197784],[-2.90591798,43.28200489],[-2.90600267,43.28202296],[-2.90611165,43.28203205],[-2.90624689,43.28202317],[-2.90637475,43.28203227],[-2.90662163,43.28204151],[-2.90683801,43.28206868],[-2.90704218,43.28208235],[-2.90719854,43.28210502],[-2.90733704,43.28217266],[-2.90742091,43.28223126],[-2.90751673,43.28229887],[-2.90760137,43.28237997],[-2.90770528,43.28243409],[-2.90780685,43.28250621],[-2.90789378,43.2825783],[-2.90797879,43.28265041],[-2.90809078,43.28272253],[-2.90817189,43.28281717],[-2.90819835,43.28287572],[-2.90860616,43.28268695],[-2.90885382,43.28296628],[-2.90978955,43.28260683],[-2.90983247,43.28273743],[-2.90984693,43.2828545],[-2.90985403,43.28300311],[-2.90983731,43.28311562],[-2.90978745,43.28323713],[-2.90965392,43.28339915],[-2.90954333,43.28347109],[-2.90941721,43.28355652],[-2.90933778,43.2836015],[-2.90938345,43.2837186],[-2.90940592,43.28390321],[-2.90937871,43.28404726],[-2.90929378,43.28419125],[-2.90916021,43.28438024],[-2.90901094,43.28450169],[-2.90881624,43.28461859],[-2.90969867,43.2854162],[-2.90967593,43.28544772],[-2.90955465,43.28563672],[-2.90947353,43.28579872],[-2.90942251,43.28591575],[-2.90940358,43.28594727],[-2.90937276,43.28596074],[-2.90933159,43.28596521],[-2.90928762,43.28597415],[-2.90926448,43.28598765],[-2.90922938,43.28602816],[-2.90915913,43.28611363],[-2.90909968,43.28619462],[-2.90906534,43.28623512],[-2.90899516,43.2862981],[-2.90894768,43.2863476],[-2.9088652,43.28640604],[-2.90879233,43.2864465],[-2.90873912,43.28647348],[-2.90866779,43.28650494],[-2.90927626,43.28661349],[-2.90940837,43.28662709],[-2.90895187,43.28763975],[-2.9087504,43.28768463],[-2.90848377,43.28773389],[-2.90824373,43.28777425],[-2.90796931,43.28784606],[-2.90779013,43.28790895],[-2.90762519,43.28795385],[-2.90745718,43.28798971],[-2.90731226,43.28803463],[-2.90717736,43.28811105],[-2.90709943,43.28819205],[-2.90701064,43.28829551],[-2.906905,43.28837195],[-2.9067828,43.28841239],[-2.90664529,43.28842578],[-2.90649078,43.28843918],[-2.90635051,43.28847507],[-2.90623639,43.28855151],[-2.90609566,43.28862342],[-2.90597664,43.28863236],[-2.9058414,43.28865025],[-2.9055883,43.28864555],[-2.90538077,43.28859583],[-2.90510577,43.28855057],[-2.90472995,43.28847372],[-2.90475131,43.2885953],[-2.90482463,43.28878447],[-2.90489475,43.28901416],[-2.90497262,43.28923032],[-2.90503552,43.28940147],[-2.90500954,43.28955001],[-2.90493653,43.28966252],[-2.90483347,43.28977946],[-2.90469453,43.28993245],[-2.90452554,43.29008537],[-2.90448548,43.29011687],[-2.90440285,43.28999074],[-2.90432008,43.28993213],[-2.90412843,43.28983289],[-2.90403725,43.28998593],[-2.90394994,43.29015242],[-2.90391501,43.29030551],[-2.9039488,43.29039555],[-2.90401177,43.29051719],[-2.9040744,43.29064779],[-2.90417677,43.29068391],[-2.90426952,43.29074702],[-2.90429705,43.29086409],[-2.90433472,43.29094517],[-2.90437693,43.29102624],[-2.90445158,43.29107584],[-2.90447298,43.29117488],[-2.90453179,43.2912785],[-2.90459256,43.29132808],[-2.90478823,43.29135075],[-2.90496883,43.29138693],[-2.90513472,43.2914681],[-2.90526478,43.29156724],[-2.90537828,43.2916889],[-2.90539287,43.29170695],[-2.90541888,43.2918015],[-2.90544725,43.29189609],[-2.90547873,43.29198165],[-2.90553168,43.29208976],[-2.90557733,43.29219781],[-2.90565813,43.29228796],[-2.90576623,43.29237361],[-2.90585901,43.2924187],[-2.90595405,43.29247731],[-2.90607034,43.29254044],[-2.90619734,43.29261707],[-2.90629971,43.29268019],[-2.90638052,43.29273429],[-2.90640857,43.29278381],[-2.90635755,43.29289184],[-2.90629925,43.29298182],[-2.90622132,43.29307632],[-2.90619915,43.29318887],[-2.9059113,43.29321113],[-2.90582502,43.29323806],[-2.90570211,43.29324249],[-2.90559193,43.2932604],[-2.90548013,43.2932783],[-2.90537264,43.29330975],[-2.90523346,43.29335463],[-2.90512055,43.29338606],[-2.90509744,43.29385878],[-2.90488017,43.2938586],[-2.90470415,43.29385395],[-2.90455852,43.29385383],[-2.90437285,43.29385818],[-2.90419827,43.29387153],[-2.90400763,43.29385787],[-2.90381733,43.29384871],[-2.90361932,43.29383054],[-2.90338861,43.29380331],[-2.90320182,43.29377615],[-2.90301971,43.2937535],[-2.9028606,43.29373533],[-2.90272458,43.29372621],[-2.89988921,43.29399388],[-2.89941979,43.29455627],[-2.89923132,43.29483977],[-2.8990205,43.29514571],[-2.89892263,43.29536625],[-2.89883521,43.29558227],[-2.89878349,43.29586139],[-2.89879541,43.29613153],[-2.89882693,43.29641519],[-2.89888454,43.29673491],[-2.89891584,43.29689253],[-2.89897864,43.2971402],[-2.89771613,43.29713456],[-2.89771731,43.29688696],[-2.89771307,43.29668882],[-2.89689393,43.29648999],[-2.89653814,43.29639963],[-2.89589342,43.29626848],[-2.89579633,43.29626389],[-2.89568804,43.29627729],[-2.89554895,43.29629066],[-2.89539867,43.29632206],[-2.89527762,43.29635795],[-2.89515199,43.29639836],[-2.89503438,43.29644779],[-2.89492987,43.29649723],[-2.89478067,43.29657362],[-2.89465916,43.29666354],[-2.89460009,43.29673102],[-2.89454795,43.29678951],[-2.89450677,43.29679397],[-2.89373345,43.29684728],[-2.89354593,43.29591509],[-2.89350671,43.29564494],[-2.89351277,43.29527125],[-2.89349508,43.29502364],[-2.89339415,43.29458682],[-2.89338376,43.29416358],[-2.8934116,43.29408707],[-2.89362977,43.29357852],[-2.89367966,43.29346149],[-2.89372912,43.29315988],[-2.89352036,43.29315068],[-2.89351863,43.29280402],[-2.89354568,43.29276801],[-2.89376602,43.29233146],[-2.89378652,43.2922685],[-2.89377734,43.29223696],[-2.89368781,43.29213781],[-2.89317962,43.29171415],[-2.89298217,43.29161039],[-2.89288335,43.29173186],[-2.89248144,43.29223575],[-2.89269933,43.29254212],[-2.89282102,43.29257375],[-2.89113283,43.2958318],[-2.89090142,43.29619178],[-2.88898646,43.29529397],[-2.88820111,43.29519863],[-2.88810735,43.29505448],[-2.88743324,43.29482421],[-2.88744581,43.29278468],[-2.88812966,43.29298345],[-2.8880646,43.29318598],[-2.88862409,43.2933126],[-2.88934287,43.29187254],[-2.88915882,43.29181835],[-2.88918405,43.29171932],[-2.88930435,43.29146731],[-2.88980045,43.29041877],[-2.89139794,43.2906454],[-2.89317989,43.28895423],[-2.89303049,43.28890006],[-2.89271347,43.28869266],[-2.89320331,43.2879007],[-2.89147682,43.28790806],[-2.89186141,43.28651274],[-2.89193646,43.28614362],[-2.89280091,43.28650463],[-2.89367665,43.28682058],[-2.89398575,43.28650574],[-2.89400785,43.28642919],[-2.89407814,43.28633923],[-2.8941256,43.28628074],[-2.89416964,43.28621325],[-2.8942268,43.28612327],[-2.89426209,43.2859792],[-2.89429936,43.28582617],[-2.894306,43.28578114],[-2.89449862,43.28554722],[-2.89450906,43.2855247],[-2.89450178,43.28549769],[-2.89443197,43.28533553],[-2.89431146,43.28510132],[-2.89430383,43.28502925],[-2.89430637,43.28490774],[-2.89432147,43.28484922],[-2.89438563,43.28473669],[-2.89250751,43.2843072],[-2.89244991,43.28440172],[-2.89228667,43.28458162],[-2.89199067,43.28489201],[-2.8907979,43.28459373],[-2.89107629,43.28529637],[-2.88855739,43.28537945],[-2.8885471,43.28553704],[-2.88857974,43.28557759],[-2.88862324,43.28559113],[-2.88866753,43.28560921],[-2.8893897,43.28586204],[-2.88948828,43.28587114],[-2.88931411,43.2863302],[-2.88924405,43.28651473],[-2.88892868,43.28749591],[-2.8881219,43.28758515],[-2.88796167,43.28758953],[-2.8878072,43.28758938],[-2.8876637,43.28748117],[-2.88755612,43.287355],[-2.8874662,43.28723335],[-2.88738324,43.28711619],[-2.88734442,43.28704414],[-2.88728645,43.2869405],[-2.88726613,43.28689998],[-2.8872622,43.28672888],[-2.88718693,43.28661624],[-2.88705076,43.28651257],[-2.88694889,43.2863954],[-2.88686547,43.28629176],[-2.88668654,43.28622405],[-2.88648945,43.28615182],[-2.88634008,43.28608863],[-2.88612868,43.28606592],[-2.88598066,43.28612431],[-2.88578835,43.28616462],[-2.88561083,43.28614194],[-2.88545109,43.28608774],[-2.88533597,43.28605163],[-2.88513743,43.28595686],[-2.88476343,43.28652378],[-2.88419788,43.28738765],[-2.88395476,43.28721182],[-2.88379055,43.28709009],[-2.88368057,43.28700894],[-2.88352517,43.28686019],[-2.88351878,43.28679715],[-2.88352115,43.28674311],[-2.88352399,43.28668459],[-2.88351948,43.28659905],[-2.88348614,43.28651796],[-2.88334473,43.28635572],[-2.88325933,43.28628812],[-2.8830595,43.28623838],[-2.88296092,43.28622478],[-2.88269539,43.28631457],[-2.88253319,43.2865125],[-2.88212512,43.28699381],[-2.88168952,43.28677726],[-2.88158831,43.2869212],[-2.88154269,43.2869887],[-2.88145436,43.28705616],[-2.88137883,43.2870786],[-2.88128716,43.28706951],[-2.88119955,43.28697485],[-2.88106231,43.28682616],[-2.88102228,43.28679906],[-2.88094066,43.28680348],[-2.88085814,43.28682595],[-2.8807733,43.28688887],[-2.8806568,43.28697428],[-2.88046312,43.28714518],[-2.88031823,43.28737012],[-2.88025335,43.28743309],[-2.88014655,43.28749151],[-2.88002086,43.28773451],[-2.87995547,43.287892],[-2.87989749,43.28797299],[-2.8797425,43.28805838],[-2.87947669,43.2882652],[-2.8792431,43.28854859],[-2.87903106,43.28881852],[-2.8780688,43.28940277],[-2.87770344,43.28967253],[-2.87712993,43.29001861],[-2.87666746,43.29030174],[-2.87629521,43.29054898],[-2.87591337,43.29080068],[-2.87582005,43.29084108],[-2.87570216,43.29084997],[-2.87554158,43.29083177],[-2.87502366,43.29072318],[-2.8748812,43.29068698],[-2.87426763,43.29046571],[-2.87394491,43.29024923],[-2.87385342,43.29013659],[-2.87379632,43.28999243],[-2.87378814,43.28984386],[-2.87378963,43.28969979],[-2.87379666,43.28890737],[-2.87381349,43.28879036],[-2.87372889,43.2887137],[-2.873544,43.28871349],[-2.87341932,43.28865482],[-2.87335118,43.28861875],[-2.87325853,43.28854661],[-2.8731072,43.28850591],[-2.87292218,43.28856424],[-2.87277483,43.28867214],[-2.87243761,43.28929305],[-2.87258535,43.28938779],[-2.87273539,43.28946899],[-2.87276904,43.28957709],[-2.8727079,43.28972109],[-2.87260901,43.28985604],[-2.87248627,43.28997295],[-2.87237017,43.29003138],[-2.87217436,43.29010769],[-2.87186439,43.2902289],[-2.87168585,43.29030074],[-2.8715551,43.29038612],[-2.87130667,43.29053444],[-2.87111906,43.29055223],[-2.86950444,43.29043783],[-2.86932744,43.29035659],[-2.86912411,43.29014476],[-2.86969094,43.28971318],[-2.86955587,43.28946089],[-2.86931566,43.28937959],[-2.86916448,43.28929385],[-2.86903488,43.28919466],[-2.8689292,43.28907748],[-2.86875125,43.28887917],[-2.86810614,43.28954926],[-2.86742726,43.2899582],[-2.86760195,43.29021953],[-2.86603708,43.2909741],[-2.8660108,43.29101007],[-2.86556532,43.29110861],[-2.86526032,43.29069852],[-2.8645677,43.29068872],[-2.86465078,43.29092743],[-2.8648316,43.29103571],[-2.86489952,43.2911483],[-2.86490596,43.29138696],[-2.86500213,43.29161671],[-2.86501613,43.29172473],[-2.86501486,43.29177428],[-2.86502251,43.29196789],[-2.86502802,43.29210296],[-2.86501286,43.29215248],[-2.86493212,43.29226943],[-2.86542039,43.29235556],[-2.86547931,43.29269783],[-2.86556024,43.29252232],[-2.86582627,43.29276127],[-2.86610982,43.29292816],[-2.86629993,43.29301846],[-2.86647432,43.29307269],[-2.86671696,43.29313148],[-2.866976,43.29320834],[-2.86720659,43.29327165],[-2.86754499,43.29336657],[-2.86778105,43.29342536],[-2.86795245,43.29307892],[-2.86805772,43.29284939],[-2.86812319,43.29270541],[-2.868226,43.29252994],[-2.86833977,43.29230492],[-2.86848358,43.2920575],[-2.86860309,43.29185954],[-2.86869465,43.29172455],[-2.86872094,43.29168858],[-2.86875259,43.29164358],[-2.86880351,43.29160765],[-2.86913933,43.29165753],[-2.86930339,43.29167575],[-2.86965544,43.29171665],[-2.86887926,43.29362475],[-2.86871626,43.29366059],[-2.86851157,43.29372791],[-2.86830835,43.29382668],[-2.8679627,43.29402888],[-2.86762944,43.2942131],[-2.8671948,43.29443772],[-2.86687427,43.29461745],[-2.86675815,43.29471184],[-2.86666225,43.29486479],[-2.86659405,43.29504031],[-2.86653811,43.29524284],[-2.86653403,43.29535539],[-2.86569438,43.29543095],[-2.86526052,43.29547548],[-2.86493329,43.29552912],[-2.86475793,43.29556945],[-2.86461218,43.29562777],[-2.86454358,43.29565021],[-2.86442036,43.29543844],[-2.86438775,43.29536637],[-2.86427513,43.29492051],[-2.86420782,43.29469533],[-2.86420073,43.29441166],[-2.86393507,43.29434831],[-2.86375329,43.29432559],[-2.86353613,43.2942713],[-2.86355447,43.29469455],[-2.86352887,43.29509971],[-2.86348437,43.29537433],[-2.86339066,43.29575238],[-2.86324942,43.29635554],[-2.86343781,43.29636476],[-2.863739,43.29639212],[-2.86411187,43.2964376],[-2.86448538,43.29651908],[-2.86461936,43.29655077],[-2.86493061,43.29657364],[-2.86513663,43.29660088],[-2.86531458,43.29662363],[-2.86543788,43.29662827],[-2.86558504,43.29663294],[-2.86563939,43.29661501],[-2.86587429,43.29665129],[-2.86605613,43.29666503],[-2.86623375,43.29665171],[-2.86631772,43.2966563],[-2.86636661,43.2966744],[-2.86642013,43.29671044],[-2.86675327,43.29693598],[-2.86775017,43.29769804],[-2.86736696,43.29920584],[-2.86517005,43.30028382],[-2.86514002,43.30045938],[-2.86506851,43.30057186],[-2.86496031,43.3007023],[-2.86490416,43.3008463],[-2.86487725,43.30100383],[-2.86484335,43.30116589],[-2.86479639,43.3013099],[-2.86482879,43.30145854],[-2.86478646,43.30162055],[-2.86471294,43.30177802],[-2.86467978,43.30192659],[-2.86463517,43.3020706],[-2.86472821,43.30233634],[-2.86486866,43.30242207],[-2.86505421,43.30248533],[-2.86522167,43.30255756],[-2.86534118,43.30270176],[-2.86537166,43.30285936],[-2.86538597,43.30301248],[-2.86537401,43.30317903],[-2.86513758,43.30451143],[-2.86431584,43.30582063],[-2.86416121,43.30622566],[-2.86412161,43.30636067],[-2.86421489,43.30685605],[-2.86495279,43.30737018],[-2.86525545,43.30800085],[-2.8663813,43.30749793],[-2.86808222,43.3092153],[-2.86906058,43.30995476],[-2.86956089,43.31060818],[-2.86780637,43.31027299],[-2.86828205,43.31126407],[-2.86630359,43.31145086],[-2.86624465,43.31163535],[-2.86589561,43.31210321],[-2.86590165,43.31215725],[-2.86583702,43.31228774],[-2.86584023,43.3124093],[-2.86951625,43.3125306],[-2.8710554,43.31270795],[-2.87038346,43.31354011],[-2.87084033,43.31434206],[-2.86968016,43.31570042],[-2.86977311,43.31602468],[-2.86802602,43.31858447],[-2.86799799,43.31862557],[-2.86632588,43.3183718],[-2.86589,43.31893737],[-2.86429298,43.31868961]]],[[[-2.87759351,43.31246303],[-2.87773536,43.31242719],[-2.87787755,43.31242734],[-2.87796851,43.31242744],[-2.87808911,43.31245007],[-2.87812061,43.31249964],[-2.87814628,43.31256719],[-2.87816963,43.31263475],[-2.87822331,43.31276538],[-2.87825048,43.31286893],[-2.87825724,43.31295001],[-2.87826486,43.31317961],[-2.87825303,43.3133372],[-2.87828075,43.31353982],[-2.87828379,43.31373792],[-2.8782842,43.31390903],[-2.87832553,43.31405763],[-2.87839156,43.31420177],[-2.87840602,43.31429185],[-2.87838659,43.31435936],[-2.87835515,43.31447186],[-2.87833494,43.3145484],[-2.87828438,43.31459785],[-2.87820597,43.31468331],[-2.87812375,43.31475078],[-2.87803344,43.31482721],[-2.87784549,43.31494407],[-2.87769617,43.31505198],[-2.87756422,43.31513737],[-2.87737819,43.31526323],[-2.87717127,43.31544311],[-2.87706813,43.31556906],[-2.87697608,43.31572204],[-2.87686811,43.31593352],[-2.87678873,43.31612252],[-2.87671815,43.31635207],[-2.87665925,43.31650058],[-2.87659961,43.31664458],[-2.876548,43.31681112],[-2.87650959,43.31694164],[-2.87649166,43.31704069],[-2.87648445,43.31718474],[-2.87647038,43.31727026],[-2.87649399,43.31740985],[-2.87652681,43.31776558],[-2.87653102,43.31797718],[-2.87653236,43.31807625],[-2.87653599,43.31816629],[-2.87653883,43.31828785],[-2.8765309,43.31840941],[-2.87650644,43.31848592],[-2.87647534,43.31862995],[-2.87644709,43.31868395],[-2.87648645,43.31902169],[-2.87649317,43.31932332],[-2.8764779,43.31945387],[-2.87645918,43.31956642],[-2.87636545,43.31977791],[-2.87630705,43.31987691],[-2.87622896,43.3199984],[-2.87616481,43.32009735],[-2.87603813,43.32021428],[-2.87594897,43.32028622],[-2.87584862,43.32034912],[-2.8757344,43.32042558],[-2.87566841,43.32045701],[-2.87558086,43.32048391],[-2.87548756,43.32050635],[-2.87540108,43.32057828],[-2.8753497,43.32062777],[-2.87531189,43.32066372],[-2.87527586,43.32074474],[-2.8752552,43.32087979],[-2.87298968,43.32017493],[-2.87223956,43.31986792],[-2.87307613,43.31864424],[-2.87396271,43.31743411],[-2.87432931,43.31610634],[-2.87474693,43.31523334],[-2.87483539,43.31512991],[-2.87503356,43.31490499],[-2.87512388,43.31482856],[-2.87531258,43.3147162],[-2.87546771,43.31461734],[-2.87561118,43.31454996],[-2.87571384,43.31446451],[-2.8757784,43.31436105],[-2.87581214,43.31427102],[-2.87584825,43.31414499],[-2.87590748,43.31401898],[-2.87596322,43.31389298],[-2.87603239,43.31378503],[-2.8761,43.31369504],[-2.87621661,43.31358263],[-2.87628158,43.31347913],[-2.87647164,43.31325875],[-2.8766982,43.3130744],[-2.87682059,43.31297096],[-2.87698147,43.3128856],[-2.87706055,43.31283166],[-2.87720684,43.31272375],[-2.87746238,43.31253043],[-2.87759351,43.31246303]]]]}},{"type":"Feature","properties":{"code":"ine-4891201","name":"Alonsotegi · dystrykt 1","city":"alonsotegi","cityName":"Alonsotegi","district":1,"income":16051,"income_prev":15112,"income_year":2023},"geometry":{"type":"MultiPolygon","coordinates":[[[[-2.99231366,43.25647072],[-2.99224632,43.25646621],[-2.99218206,43.25646171],[-2.99212009,43.25645267],[-2.9920581,43.25644366],[-2.99199108,43.25643016],[-2.99192642,43.25641215],[-2.99186403,43.25638961],[-2.99180978,43.25636711],[-2.99174625,43.25634463],[-2.99168234,43.25632657],[-2.99161878,43.25631306],[-2.99155298,43.25629956],[-2.99148254,43.25629955],[-2.99141628,43.25630403],[-2.9913474,43.25630854],[-2.99127306,43.25630853],[-2.99120646,43.25630853],[-2.99113177,43.25630852],[-2.99105479,43.25629502],[-2.99098084,43.25628599],[-2.99091198,43.25627251],[-2.99083843,43.25626346],[-2.99076486,43.25625896],[-2.99069098,43.25625445],[-2.99062705,43.25625445],[-2.99056084,43.25625444],[-2.99049923,43.25625443],[-2.99043761,43.25625893],[-2.99036333,43.25625892],[-2.99029482,43.25625891],[-2.99022551,43.25625891],[-2.9901643,43.2562589],[-2.99009073,43.25626795],[-2.99001644,43.25627243],[-2.98995482,43.25627242],[-2.98987822,43.25627691],[-2.98981164,43.2562769],[-2.98975002,43.2562769],[-2.98967882,43.25627689],[-2.98961221,43.25627688],[-2.98955054,43.25627688],[-2.98947896,43.25627237],[-2.98941734,43.25627237],[-2.98934539,43.25627236],[-2.98928337,43.25626332],[-2.98921681,43.25625431],[-2.98914788,43.2562453],[-2.98907625,43.2562408],[-2.98901164,43.25622727],[-2.98895229,43.25621378],[-2.98888841,43.25620024],[-2.98881907,43.25618673],[-2.98875867,43.25618223],[-2.98869665,43.25617772],[-2.98850498,43.25602014],[-2.98840412,43.25591206],[-2.98720164,43.25482236],[-2.98569943,43.25465557],[-2.98350618,43.25173328],[-2.98118136,43.25163833],[-2.97948705,43.2505845],[-2.97920379,43.25041334],[-2.9785903,43.25005756],[-2.97777096,43.24946305],[-2.97780138,43.24942256],[-2.97782677,43.24938205],[-2.97783265,43.24924698],[-2.97783957,43.24916595],[-2.97783461,43.24905787],[-2.97783041,43.24896332],[-2.97783005,43.24885528],[-2.97781705,43.24866168],[-2.97784552,43.24861665],[-2.97790911,43.24852214],[-2.97802503,43.24840059],[-2.97816481,43.24829255],[-2.97852398,43.24815306],[-2.97886007,43.24813512],[-2.97920423,43.24814869],[-2.98113737,43.24827511],[-2.98169097,43.24814913],[-2.98231545,43.24785657],[-2.98274401,43.24755497],[-2.98340982,43.24665911],[-2.98360811,43.24645654],[-2.98410595,43.24610095],[-2.98444401,43.2459434],[-2.98469264,43.24589394],[-2.98508799,43.24592549],[-2.98581507,43.24609669],[-2.98558018,43.24485399],[-2.98491005,43.24334564],[-2.98462797,43.2429494],[-2.98354595,43.24178311],[-2.97927208,43.2401075],[-2.9790658,43.23998592],[-2.97770106,43.23867547],[-2.97749907,43.23852684],[-2.97737709,43.23838275],[-2.9772609,43.2382747],[-2.97716317,43.23817559],[-2.97704702,43.23803152],[-2.97693122,43.23788289],[-2.97678464,43.2377028],[-2.97669924,43.23754518],[-2.97658965,43.23734256],[-2.97646158,43.2370589],[-2.97631546,43.2367977],[-2.97619352,43.23656807],[-2.97610813,43.23645999],[-2.97604083,43.2363429],[-2.97598618,43.23626186],[-2.97591271,43.23618531],[-2.97580268,43.23608622],[-2.97549101,43.23586105],[-2.97531365,43.23573945],[-2.975112,43.23564033],[-2.97374794,43.23496469],[-2.97304453,43.23463586],[-2.97239618,43.23431151],[-2.97160086,43.23395113],[-2.97141769,43.23386103],[-2.97114838,43.23373489],[-2.97093444,43.23363579],[-2.97075092,43.23354571],[-2.97053084,43.23342858],[-2.97037768,43.23334751],[-2.97023728,43.23323492],[-2.97000537,43.23291517],[-2.96985266,43.23275303],[-2.96971838,43.23264047],[-2.96954716,43.23253685],[-2.96940638,43.23246028],[-2.96919861,43.23236115],[-2.96898427,43.23228006],[-2.96885694,43.23223947],[-2.96868456,43.23218091],[-2.96853175,43.23215387],[-2.96813347,43.23213576],[-2.96791335,43.23209966],[-2.96777253,43.23207712],[-2.96760745,43.23203204],[-2.96742967,43.23198245],[-2.9671484,43.23188333],[-2.96651815,43.23165351],[-2.96621219,43.23160837],[-2.96605904,43.23162188],[-2.9658631,43.23165781],[-2.96569763,43.2316803],[-2.96556294,43.23170276],[-2.96544051,43.23170272],[-2.96509767,43.23167561],[-2.96491988,43.23163952],[-2.96468748,43.23157641],[-2.96402679,43.23139609],[-2.96342644,43.23136891],[-2.96324291,43.23132831],[-2.96301666,43.23126971],[-2.96107752,43.23058019],[-2.96071764,43.2300353],[-2.9604853,43.22981006],[-2.96034501,43.22965247],[-2.96017476,43.22924719],[-2.96012283,43.22921115],[-2.96011013,43.22918865],[-2.96010398,43.22917513],[-2.96006056,43.22910306],[-2.96002368,43.22902652],[-2.95998018,43.22898145],[-2.959931,43.22891392],[-2.95988755,43.22886891],[-2.9598383,43.22881935],[-2.95975829,43.22876529],[-2.95968442,43.22872926],[-2.95960407,43.22865266],[-2.95951788,43.22863014],[-2.95940094,43.22855356],[-2.95925937,43.22848598],[-2.95912393,43.22842289],[-2.95901317,43.22836882],[-2.95890239,43.22831475],[-2.95878543,43.22826519],[-2.9586869,43.22822014],[-2.95858226,43.22818856],[-2.95851454,43.22816154],[-2.9584099,43.22812546],[-2.95830528,43.22807589],[-2.95817638,43.22803535],[-2.95805946,43.22799479],[-2.95793017,43.22794969],[-2.95777012,43.22791815],[-2.95762239,43.22783704],[-2.95745657,43.22778744],[-2.95725954,43.22773784],[-2.95711834,43.22770178],[-2.95697681,43.2276567],[-2.95683518,43.22761611],[-2.95675557,43.22760258],[-2.95660779,43.22755748],[-2.95648468,43.22753494],[-2.95639851,43.22749437],[-2.95631269,43.22746284],[-2.95626347,43.22744482],[-2.95602302,43.22731864],[-2.95596768,43.22729611],[-2.95583877,43.22724202],[-2.95570333,43.22719247],[-2.95556142,43.22712488],[-2.95545102,43.2270753],[-2.95532753,43.22702122],[-2.9552048,43.22697614],[-2.95508166,43.22693109],[-2.95497703,43.22689051],[-2.95486628,43.22684542],[-2.95473082,43.22678685],[-2.95457076,43.22672825],[-2.95438035,43.22671017],[-2.95417109,43.22659302],[-2.95408029,43.22657048],[-2.95401754,43.22655246],[-2.95389443,43.22652538],[-2.95370366,43.22644877],[-2.95356818,43.22642171],[-2.95340854,43.22638561],[-2.95325462,43.22633153],[-2.95311959,43.22630896],[-2.95294103,43.22628185],[-2.95278139,43.22625928],[-2.95259709,43.22622317],[-2.95244358,43.2262006],[-2.95233274,43.22617356],[-2.95228969,43.22616904],[-2.95204414,43.22615091],[-2.95192104,43.22613285],[-2.95181639,43.22612381],[-2.95165666,43.22611474],[-2.95149699,43.22608314],[-2.95132465,43.22601553],[-2.95113999,43.22596592],[-2.95094957,43.22592083],[-2.9507834,43.22583519],[-2.95064798,43.2257631],[-2.95043836,43.22564594],[-2.95027839,43.22551979],[-2.95010606,43.2254072],[-2.94997002,43.22527657],[-2.9498592,43.22519545],[-2.94974811,43.22503334],[-2.94972313,43.22500179],[-2.94969852,43.22498828],[-2.94958775,43.2249387],[-2.9494524,43.22483061],[-2.94933505,43.22477202],[-2.94920585,43.22468641],[-2.94905167,43.22456929],[-2.94889779,43.22450169],[-2.94874433,43.22445209],[-2.94852853,43.22433042],[-2.9483624,43.22421778],[-2.94827009,43.2241637],[-2.94816513,43.22407812],[-2.9480417,43.2239475],[-2.94794287,43.22385744],[-2.94786291,43.22376282],[-2.94778261,43.22365471],[-2.94773916,43.22356916],[-2.94770804,43.22350161],[-2.94768314,43.22342957],[-2.94768894,43.22336653],[-2.94769253,43.22278124],[-2.94769645,43.22227249],[-2.9476916,43.2211694],[-2.94764593,43.22062008],[-2.94752359,43.21928282],[-2.94729134,43.21911615],[-2.946285,43.21839976],[-2.946195,43.2175218],[-2.94664911,43.21743644],[-2.94712845,43.21749972],[-2.94755823,43.2174954],[-2.94825198,43.21746423],[-2.94885416,43.21743297],[-2.9496706,43.21741083],[-2.94975024,43.21740637],[-2.94981182,43.2174019],[-2.94990382,43.2173794],[-2.95002656,43.21733446],[-2.950137,43.21733451],[-2.95022281,43.21730301],[-2.9502902,43.21728954],[-2.95035139,43.21726707],[-2.95060887,43.21716811],[-2.9513376,43.21665966],[-2.95179939,43.21559279],[-2.9531729,43.21512514],[-2.95423126,43.21426564],[-2.95499235,43.21415788],[-2.95519443,43.21404539],[-2.95650295,43.2128798],[-2.9566986,43.21268178],[-2.95731336,43.21211471],[-2.95789036,43.21171873],[-2.95860509,43.21123272],[-2.95932052,43.21087282],[-2.95938796,43.21077828],[-2.95938805,43.21063421],[-2.959388,43.20839654],[-2.96074544,43.2068797],[-2.96139767,43.20661431],[-2.96206343,43.20628587],[-2.96257145,43.20588084],[-2.96301295,43.20549377],[-2.96489381,43.20522422],[-2.96666917,43.20510773],[-2.96808943,43.20500458],[-2.96957671,43.20476637],[-2.97046772,43.20460004],[-2.97123765,43.20425804],[-2.97195317,43.20406463],[-2.97260758,43.20399725],[-2.97332539,43.20397943],[-2.97399319,43.20399309],[-2.97470713,43.20395276],[-2.9754381,43.20374579],[-2.97613517,43.20356587],[-2.9766115,43.20339938],[-2.97731046,43.20326895],[-2.97802989,43.20301247],[-2.97850427,43.20277393],[-2.97897218,43.20241385],[-2.97929923,43.20216626],[-2.98120054,43.20238722],[-2.98172362,43.2025584],[-2.98228362,43.20273861],[-2.98253594,43.20281967],[-2.98327487,43.20293237],[-2.98338561,43.20295938],[-2.98382872,43.20312155],[-2.98446261,43.20334674],[-2.98505952,43.20355842],[-2.98572419,43.20380163],[-2.98631501,43.20401333],[-2.98678886,43.20420249],[-2.98710892,43.20432859],[-2.98732427,43.20441869],[-2.98747813,43.20452674],[-2.98764388,43.20467086],[-2.98781618,43.20483746],[-2.98790848,43.20494552],[-2.98803117,43.20509411],[-2.98816656,43.20528322],[-2.98829534,43.20548584],[-2.98835689,43.20561644],[-2.98840612,43.20575602],[-2.98845495,43.20586405],[-2.98850415,43.20596313],[-2.98857801,43.20607569],[-2.98864569,43.20614325],[-2.9888176,43.20629633],[-2.98902687,43.20645395],[-2.98921109,43.20658454],[-2.98937725,43.20671962],[-2.9895126,43.20689973],[-2.98956184,43.20700327],[-2.98965374,43.20715638],[-2.98976454,43.20727342],[-2.98984455,43.207368],[-2.98994875,43.20747608],[-2.99009032,43.20757062],[-2.99023808,43.20763817],[-2.99041653,43.20774625],[-2.99047072,43.20784979],[-2.99064998,43.20799391],[-2.99082962,43.20815599],[-2.99090383,43.20826407],[-2.99101459,43.20839464],[-2.99120157,43.20849369],[-2.99150892,43.20861527],[-2.99186242,43.20876391],[-2.99218523,43.2089215],[-2.9923852,43.20908812],[-2.99264637,43.20938077],[-2.99281563,43.20965096],[-2.99301526,43.20986255],[-2.99333837,43.20992114],[-2.99367657,43.20995265],[-2.99409166,43.20990767],[-2.99456835,43.20972761],[-2.9950142,43.20977262],[-2.99526,43.20996623],[-2.99539849,43.21020038],[-2.99565967,43.21055159],[-2.99589053,43.21069567],[-2.99612094,43.21075421],[-2.99635174,43.21079922],[-2.996613,43.21080826],[-2.99676689,43.21083977],[-2.99682804,43.21099737],[-2.99702807,43.21113244],[-2.99728927,43.21122249],[-2.99775056,43.21129003],[-2.99799679,43.21141611],[-2.99833493,43.21157372],[-2.99868847,43.21169525],[-2.99904208,43.21174029],[-2.99949912,43.2117223],[-2.99969028,43.21172231],[-2.99990918,43.21171782],[-3.00011697,43.21172231],[-3.00029202,43.21169077],[-3.00062019,43.21166826],[-3.00087141,43.21164128],[-3.00106299,43.21160975],[-3.00127612,43.21154671],[-3.00150578,43.21148818],[-3.001752,43.21143414],[-3.00191589,43.21142514],[-3.00211825,43.21141614],[-3.00226599,43.21142964],[-3.00238606,43.21147467],[-3.00243528,43.21157373],[-3.00248989,43.21166825],[-3.00258303,43.2117133],[-3.00272498,43.21174029],[-3.00287813,43.21174929],[-3.00303125,43.21173129],[-3.00319551,43.21169973],[-3.0033486,43.21169525],[-3.00355635,43.21168625],[-3.00380218,43.21169524],[-3.00393915,43.21174477],[-3.00396648,43.21183484],[-3.00398267,43.21196539],[-3.00413577,43.21209597],[-3.00429004,43.21220849],[-3.00445785,43.21243812],[-3.00467175,43.21269475],[-3.00494643,43.21282981],[-3.00532041,43.21295136],[-3.00564128,43.21309092],[-3.00593136,43.2132665],[-3.00616032,43.21350963],[-3.00627496,43.2136942],[-3.00631312,43.21407242],[-3.00632083,43.21438755],[-3.00645049,43.21466671],[-3.00671023,43.2148738],[-3.00696228,43.21508989],[-3.0071454,43.21528348],[-3.00719812,43.21540503],[-3.00724586,43.2157292],[-3.00710935,43.21600388],[-3.00702048,43.21622448],[-3.00697931,43.21649012],[-3.00675431,43.21692237],[-3.00656309,43.21727808],[-3.00651505,43.21753471],[-3.00656314,43.21783184],[-3.00649542,43.21795341],[-3.00645236,43.21803445],[-3.00641656,43.21812901],[-3.0064612,43.21821454],[-3.0065763,43.21843966],[-3.00673676,43.2187143],[-3.00686836,43.21898891],[-3.00701657,43.21916],[-3.00727551,43.2193491],[-3.00750986,43.21947965],[-3.00778534,43.21960571],[-3.00788776,43.21970477],[-3.00805166,43.21985782],[-3.0082741,43.22016398],[-3.00848458,43.2204701],[-3.00880866,43.22087081],[-3.00887905,43.22093834],[-3.00898834,43.22098786],[-3.00918343,43.22105088],[-3.00934581,43.2211409],[-3.00945204,43.22123093],[-3.00954245,43.22132099],[-3.00963023,43.22145605],[-3.00967332,43.22156861],[-3.00970949,43.22164064],[-3.00975912,43.22168564],[-3.00994658,43.22179369],[-3.01021282,43.22193323],[-3.01027867,43.22198276],[-3.01033524,43.22203679],[-3.01036868,43.22207732],[-3.01040178,43.22211332],[-3.01042604,43.22214035],[-3.01045414,43.22218085],[-3.01050073,43.22227991],[-3.01053496,43.22235644],[-3.01060312,43.22243297],[-3.0106851,43.22249598],[-3.01081708,43.22256352],[-3.01102716,43.22262203],[-3.01132694,43.2226355],[-3.01169595,43.222667],[-3.01203033,43.22273001],[-3.01235899,43.22285154],[-3.01269917,43.22296404],[-3.01294121,43.22306308],[-3.01316016,43.22315309],[-3.01329873,43.22322061],[-3.013403,43.22333766],[-3.01354384,43.22345922],[-3.01367893,43.22355827],[-3.01382557,43.22365278],[-3.01396338,43.2237248],[-3.01409841,43.22377432],[-3.01421385,43.22378781],[-3.01436622,43.22377879],[-3.0145013,43.22372024],[-3.01463366,43.22368873],[-3.0147941,43.2236977],[-3.01495729,43.22372918],[-3.0150139,43.22378771],[-3.01503351,43.22389128],[-3.01505585,43.22405334],[-3.01514903,43.22417939],[-3.01524564,43.22426495],[-3.01540766,43.22433246],[-3.01561123,43.22436842],[-3.01583442,43.22439544],[-3.01603375,43.22441791],[-3.01620537,43.22444942],[-3.01636967,43.2244944],[-3.01648014,43.22453492],[-3.01655904,43.22460244],[-3.01661369,43.22466997],[-3.01662528,43.22480503],[-3.01664226,43.22498513],[-3.01671657,43.22513369],[-3.01684816,43.22521474],[-3.01696827,43.22531375],[-3.017031,43.22540832],[-3.0170711,43.22561541],[-3.01711693,43.22574146],[-3.01717852,43.22594406],[-3.01696849,43.22611519],[-3.01690002,43.22621423],[-3.01687541,43.22621423],[-3.01682574,43.22627278],[-3.01678883,43.22631332],[-3.01672691,43.22639435],[-3.01667725,43.22646189],[-3.01662148,43.22652494],[-3.0165284,43.22663752],[-3.01645994,43.22673656],[-3.01641608,43.22686263],[-3.01637877,43.22693467],[-3.0162353,43.22722733],[-3.01614798,43.22739397],[-3.01608567,43.22748851],[-3.01601759,43.22756955],[-3.01598031,43.22763258],[-3.01587485,43.2277857],[-3.01471728,43.22911401],[-3.01448719,43.22943824],[-3.01404094,43.2301406],[-3.01366815,43.23071695],[-3.01353394,43.23092412],[-3.01331304,43.23118078],[-3.01293988,43.23164455],[-3.012664,43.23196424],[-3.01241926,43.23226144],[-3.01226615,43.23245955],[-3.01221853,43.23276568],[-3.0122127,43.23282871],[-3.01220696,43.23289629],[-3.01221348,43.23296382],[-3.0122447,43.23305835],[-3.01227587,43.23314388],[-3.01231326,43.23324744],[-3.01233824,43.23328795],[-3.01238179,43.2333465],[-3.01242528,43.23342753],[-3.01246881,43.23350856],[-3.01254961,43.23361212],[-3.01260541,43.23368415],[-3.01266087,43.23373368],[-3.01272941,43.2338147],[-3.01277903,43.23386421],[-3.01287799,43.23396775],[-3.01292762,43.23401278],[-3.01300189,43.2340983],[-3.01303886,43.23412083],[-3.01311314,43.23416132],[-3.01341568,43.23428736],[-3.01348961,43.23430989],[-3.01373051,43.23434584],[-3.01390869,43.23434134],[-3.01406879,43.23430982],[-3.0145491,43.2341882],[-3.01499817,43.23406208],[-3.01507824,43.23404403],[-3.01520716,43.23400801],[-3.01529952,43.23396747],[-3.01537341,43.23394496],[-3.01544729,43.23392695],[-3.01553351,43.23390441],[-3.01561971,43.2338774],[-3.01570592,43.23385485],[-3.01579172,43.23383684],[-3.01588408,43.23382333],[-3.01598259,43.23380532],[-3.01607498,43.23379631],[-3.01616731,43.23378276],[-3.01625352,43.23378274],[-3.01633398,43.23378273],[-3.01643866,43.23378722],[-3.01651256,43.23378721],[-3.01658645,43.2337827],[-3.01662953,43.2337782],[-3.01670959,43.23378268],[-3.0167839,43.23379171],[-3.01690704,43.23382319],[-3.01703062,43.23387271],[-3.01714186,43.23393572],[-3.01723463,43.23400774],[-3.0173089,43.23408877],[-3.01735897,43.23420133],[-3.01738401,43.23425535],[-3.01740908,43.23434988],[-3.01740327,43.23441742],[-3.01739714,43.23447595],[-3.01737948,43.23457502],[-3.01735526,43.23466056],[-3.01733677,43.23470559],[-3.01728831,43.23480913],[-3.01733257,43.23484516],[-3.01783685,43.23513322],[-3.01788957,43.23516475],[-3.01792348,43.23520528],[-3.0179639,43.23524578],[-3.01801007,43.23528629],[-3.01805323,43.2353223],[-3.01809133,43.23535831],[-3.01812713,43.23539435],[-3.01817022,43.23543484],[-3.01821836,43.23546635],[-3.01827108,43.23549336],[-3.01832883,43.23552038],[-3.0183866,43.23554737],[-3.01844394,43.23557886],[-3.01850665,43.23560589],[-3.018574,43.23562838],[-3.01863406,43.2356554],[-3.01869912,43.23567789],[-3.01875649,43.23570036],[-3.01881154,43.2357274],[-3.01887156,43.2357499],[-3.01893851,43.23577239],[-3.01900127,43.23579941],[-3.019054,43.2358264],[-3.0191187,43.23584892],[-3.01918371,43.23587591],[-3.01925071,43.2358939],[-3.01932074,43.23592093],[-3.0193781,43.23593892],[-3.01943315,43.23596141],[-3.01948555,43.23598843],[-3.01954323,43.23601092],[-3.01959828,43.23603795],[-3.01965599,43.23606944],[-3.01970645,43.23610097],[-3.01975227,43.23614146],[-3.01978381,43.23619098],[-3.01980769,43.23623601],[-3.01982892,43.23629003],[-3.01984314,43.23633954],[-3.01985239,43.23639357],[-3.01986206,43.2364431],[-3.01987404,43.23650163],[-3.0198856,43.23655567],[-3.0198921,43.23660066],[-3.01990135,43.2366457],[-3.01991064,43.23669524],[-3.01992219,43.23674026],[-3.01993645,43.23678976],[-3.01995801,43.23684379],[-3.01998421,43.23688881],[-3.01998423,43.23688884],[-3.02001308,43.23693385],[-3.02004661,43.23697884],[-3.02008045,43.23701937],[-3.02011628,43.23706439],[-3.02014516,43.23710489],[-3.02017634,43.23715442],[-3.02020756,43.23719493],[-3.02023872,43.23724444],[-3.02026991,43.23728497],[-3.02030302,43.2373255],[-3.0203392,43.23736599],[-3.02037539,43.23740652],[-3.02040391,43.23744705],[-3.02043512,43.23749204],[-3.02045897,43.23753707],[-3.02047281,43.2375821],[-3.02048212,43.23763158],[-3.02049362,43.23767663],[-3.02050792,43.23773066],[-3.02053406,43.23777117],[-3.02056989,43.23780718],[-3.02061803,43.23785221],[-3.02065653,43.2378882],[-3.02070427,43.23792423],[-3.01852534,43.23889709],[-3.01698981,43.2396447],[-3.0127871,43.24145064],[-3.01571618,43.24581303],[-3.0186068,43.25005836],[-3.01898186,43.25060307],[-3.0145256,43.25096838],[-3.01045625,43.25210789],[-3.00665825,43.2534273],[-3.00626015,43.25355789],[-3.00623477,43.25357139],[-3.00620008,43.25359393],[-3.00617357,43.25361643],[-3.00614466,43.25363893],[-3.00611968,43.25366145],[-3.00609735,43.25367947],[-3.00607502,43.25370197],[-3.00602533,43.25377404],[-3.0057959,43.25399464],[-3.00555683,43.2541432],[-3.00550485,43.25417476],[-3.00545096,43.25420626],[-3.00540439,43.25423779],[-3.00535782,43.25426479],[-3.00530852,43.25430083],[-3.00526195,43.25432783],[-3.00521346,43.25436837],[-3.0051692,43.25439987],[-3.0051249,43.2544359],[-3.00507793,43.2544674],[-3.00502368,43.25450344],[-3.00496707,43.25453947],[-3.00490742,43.25457097],[-3.00485005,43.25458898],[-3.00478576,43.25460701],[-3.0047215,43.25462504],[-3.00465679,43.25463852],[-3.0045821,43.25463852],[-3.00452051,43.254643],[-3.00445428,43.254643],[-3.00438727,43.25464753],[-3.00431609,43.25464753],[-3.00424679,43.25464753],[-3.00418245,43.25464301],[-3.00411084,43.25463853],[-3.00403961,43.25463403],[-3.00397071,43.25462954],[-3.00389643,43.25462506],[-3.00382483,43.25462054],[-3.00375549,43.25461153],[-3.00368661,43.25460705],[-3.00361228,43.25459801],[-3.00355072,43.25458901],[-3.00347215,43.25458452],[-3.00340014,43.25457552],[-3.0033386,43.2545665],[-3.00326922,43.25455752],[-3.00320268,43.25454403],[-3.00313834,43.25453049],[-3.00306674,43.25451697],[-3.00300285,43.25450349],[-3.00294358,43.25449002],[-3.00287968,43.2544765],[-3.00281306,43.25446296],[-3.00274878,43.25444946],[-3.00268176,43.25443597],[-3.00262015,43.25442247],[-3.00255894,43.25440893],[-3.00249697,43.25439543],[-3.00242304,43.25437743],[-3.00235644,43.25436394],[-3.00228983,43.25435044],[-3.00222826,43.2543369],[-3.00216933,43.25432341],[-3.00209772,43.25430991],[-3.00202887,43.25430091],[-3.00195991,43.25428741],[-3.00188866,43.25427838],[-3.00181978,43.25427387],[-3.00174818,43.25426487],[-3.00168116,43.25425588],[-3.0016196,43.25424688],[-3.0015457,43.25423338],[-3.00148406,43.25422438],[-3.00141788,43.25421535],[-3.00135584,43.25420635],[-3.00128888,43.25419735],[-3.00122766,43.25418385],[-3.00116373,43.25417485],[-3.00109485,43.25416585],[-3.00103092,43.25415685],[-3.00096971,43.25415685],[-3.00090583,43.25415685],[-3.00083957,43.25415685],[-3.00077879,43.25415685],[-3.00071791,43.25417035],[-3.00065942,43.25418385],[-3.00060361,43.25420185],[-3.00054513,43.25422888],[-3.00048924,43.25426488],[-3.00044345,43.25430541],[-3.00040419,43.25434589],[-3.00036528,43.25438644],[-3.0003337,43.25443146],[-3.00030135,43.25447198],[-3.00026209,43.25451251],[-3.00022051,43.25455305],[-3.00017893,43.25459804],[-3.0001347,43.25463407],[-3.00010041,43.25467461],[-3.00005842,43.25471959],[-3.00000842,43.25475564],[-2.99994831,43.25478264],[-2.99988635,43.25480068],[-2.99982784,43.25481867],[-2.99976393,43.25484117],[-2.99970539,43.25486371],[-2.99964342,43.25489069],[-2.99957949,43.2549087],[-2.99951561,43.25493124],[-2.99945863,43.25495373],[-2.99939972,43.25496724],[-2.99933813,43.25498977],[-2.9992719,43.25501227],[-2.99921066,43.25503028],[-2.99915409,43.2550573],[-2.99909747,43.2550798],[-2.99903127,43.25510229],[-2.99896658,43.25512483],[-2.99890228,43.25514283],[-2.99883608,43.25516083],[-2.9987668,43.25517882],[-2.99869519,43.25519236],[-2.99863665,43.25520585],[-2.9985708,43.25522385],[-2.9985169,43.25524639],[-2.99845534,43.25527339],[-2.99839564,43.25529138],[-2.99833135,43.25530488],[-2.9982709,43.25532291],[-2.99821935,43.25534991],[-2.99820505,43.25539043],[-2.99818773,43.25543998],[-2.99812841,43.25546696],[-2.99806723,43.25548947],[-2.99800869,43.25551201],[-2.99795479,43.255539],[-2.99790589,43.25557054],[-2.99785432,43.25560203],[-2.99780466,43.25562907],[-2.99774462,43.25565607],[-2.99767995,43.25566954],[-2.99761333,43.25567856],[-2.99754977,43.25569209],[-2.99747858,43.25571009],[-2.99741544,43.25572809],[-2.99735726,43.25575508],[-2.99731376,43.25578662],[-2.99727258,43.25582715],[-2.99723291,43.25586315],[-2.99718676,43.25590368],[-2.9971421,43.25593968],[-2.99709204,43.25597121],[-2.99703232,43.25599821],[-2.99696071,43.25602524],[-2.99690144,43.25604322],[-2.99683213,43.25606573],[-2.99676976,43.25607471],[-2.99670238,43.25607926],[-2.9966358,43.25607926],[-2.99657189,43.25608376],[-2.99650755,43.25608375],[-2.99644134,43.25608375],[-2.99637516,43.25608825],[-2.99630893,43.25609273],[-2.99624771,43.25610175],[-2.99617878,43.25611074],[-2.99611025,43.25611974],[-2.99605212,43.25613773],[-2.99599283,43.25616027],[-2.99592969,43.25617376],[-2.9958573,43.25617376],[-2.99579072,43.25616926],[-2.99569446,43.25616475],[-2.99546074,43.25614674],[-2.99539762,43.25615122],[-2.99533141,43.25616024],[-2.99526747,43.25616924],[-2.99520126,43.25618273],[-2.99513733,43.25619173],[-2.99506882,43.25620978],[-2.99500723,43.25622774],[-2.99493757,43.25624125],[-2.99487017,43.25624575],[-2.99480548,43.25624574],[-2.99473657,43.25624124],[-2.99467455,43.25623674],[-2.99460529,43.25623223],[-2.99453676,43.25622771],[-2.99447282,43.25622323],[-2.99441121,43.25622322],[-2.994345,43.25621872],[-2.99428339,43.25621871],[-2.99421529,43.25622321],[-2.99414908,43.25623671],[-2.99408477,43.2562457],[-2.99401543,43.2562502],[-2.99394574,43.25625469],[-2.99388377,43.25624569],[-2.99381716,43.25624119],[-2.99375328,43.25624118],[-2.99368664,43.25623668],[-2.99361541,43.25623218],[-2.99355385,43.25622765],[-2.99348492,43.25622765],[-2.99342371,43.25622764],[-2.99336289,43.25623666],[-2.99330128,43.25623665],[-2.99323121,43.25625015],[-2.99317116,43.25627718],[-2.99311723,43.25631318],[-2.99306565,43.25634019],[-2.99301327,43.2563672],[-2.992954,43.25639419],[-2.99289157,43.25640773],[-2.99282539,43.25642572],[-2.99276069,43.25644371],[-2.992696,43.25645271],[-2.99263403,43.25645721],[-2.99257242,43.25646174],[-2.99250618,43.25646623],[-2.99244426,43.25646623],[-2.99238265,43.25647072],[-2.99231366,43.25647072]]]]}}]}